SketchID,UserID,File,ShapeID,StrokeID,ShapeName,ShapeTime,StrokeTime,IsConsecutive,AveragePressure,Width,Height,AvgCurvature,MaxCurvature,MinCurvature,NumPoints,MinDist
ca621e8b-5553-401c-bbe5-6d3616e73ccc,1,AND,e3afbe85-8e4d-4d61-b315-f2de68c52b0c,6b56f92d-06ef-401a-85d2-7fb230a7d219,Wire,150,150,True,129,1287,61,0.0330521925338847,0.200396041040509,0.00489578909776542,21,38.0525951808809
ca621e8b-5553-401c-bbe5-6d3616e73ccc,1,AND,5b978b0f-d91b-4f8e-9e63-3dd12edab2f0,fc519377-33a1-43d9-828a-d92ed06b15a1,Wire,135,135,True,125,1097,90,0.0278822604523195,0.0611821920437192,0.00549285785596941,19,27.459060435492
ca621e8b-5553-401c-bbe5-6d3616e73ccc,1,AND,be7a6aa0-fb81-49fc-be6e-efe29eb580f2,822ab35f-58e7-405c-9619-77f39acfece9,AND,564,173,True,146,564,1039,0.115530898144023,0.486896216618937,0.000620007303695713,24,27.459060435492
ca621e8b-5553-401c-bbe5-6d3616e73ccc,1,AND,be7a6aa0-fb81-49fc-be6e-efe29eb580f2,3c83fbdf-de48-44bc-8948-25109336470b,AND,564,241,True,154,564,1039,0.101981252555196,0.618456566609397,0.0895872090669497,33,27.459060435492
ca621e8b-5553-401c-bbe5-6d3616e73ccc,1,AND,bacb3173-be1e-42ef-958d-3b09ac54d008,923605e3-e31c-4f8e-9002-d7dbc54b9dc0,Wire,165,165,True,152,1136,111,0.0340811260495454,0.144557545128346,0.000243472380935046,23,38.2753184180093
ca621e8b-5553-401c-bbe5-6d3616e73ccc,1,AND,a85c46e6-11cd-49b7-9c18-bdd6b640278e,d70b818b-b118-4dbe-a07d-9fc9c8311b71,Wire,135,135,True,132,1154,34,0.0152706788105689,0.0954345001413765,0.000376276173031848,19,17.464249196573
ca621e8b-5553-401c-bbe5-6d3616e73ccc,1,AND,ecf19e7b-224d-40b6-b6c3-9501e2ff43ee,2af9f44b-1149-4691-b97e-50e5b34f607d,Wire,135,135,True,122,1088,127,0.0188998973754371,0.100953253285567,0.00224753042724881,19,18.0277563773199
ca621e8b-5553-401c-bbe5-6d3616e73ccc,1,AND,6e50d1b9-96f6-4b29-a823-41f29aaed341,ebdf4d83-c645-43e2-a240-b4761f640754,AND,517,173,True,146,678,988,0.0702066211306246,0.388557827534794,0.00328273403191529,24,17.464249196573
ca621e8b-5553-401c-bbe5-6d3616e73ccc,1,AND,6e50d1b9-96f6-4b29-a823-41f29aaed341,3ab72b43-d088-4b06-8e9c-2abb0e37c024,AND,517,233,True,145,678,988,0.110600375224394,0.872518037535156,0.0737690791410535,32,17.464249196573
ca621e8b-5553-401c-bbe5-6d3616e73ccc,1,AND,c31f4856-4122-4c91-a4e9-b839a4fc23d1,4229630b-3cd1-4db0-a4d7-d0393d16d7ad,Wire,188,188,True,155,1167,47,0.00485277726247723,0.050159971140634,8.63740586555731E-05,26,23.3452350598575
ca621e8b-5553-401c-bbe5-6d3616e73ccc,1,AND,87c7f332-8112-480c-b3ae-f5153353e726,e092b17a-b354-4ee0-b50b-c9f0f5250def,Wire,143,143,True,142,1175,40,0.0619508723879513,0.509017059108704,0.00240513070328402,20,20.2484567313166
ca621e8b-5553-401c-bbe5-6d3616e73ccc,1,AND,c3130176-5ed2-48a6-8d0c-168840fe2891,08ff0a19-e6b1-4de5-a218-4f03c85c06f6,Wire,120,120,True,137,1117,120,0.00977052208390856,0.018507072218724,6.61642796620628E-05,17,13.6014705087354
ca621e8b-5553-401c-bbe5-6d3616e73ccc,1,AND,3ac7f828-6113-4e11-bf5d-9e9593a1e91e,0ec4a404-465e-4653-b665-c925e6d0e1a6,AND,571,165,True,150,745,993,0.117537098655175,0.79343017760574,0.00465664135639653,23,13.6014705087354
ca621e8b-5553-401c-bbe5-6d3616e73ccc,1,AND,3ac7f828-6113-4e11-bf5d-9e9593a1e91e,52620fab-d9c1-4190-b045-67d00d6e663b,AND,571,256,True,146,745,993,0.126109629443546,0.590369317387362,0.0144796304981964,35,13.6014705087354
ca621e8b-5553-401c-bbe5-6d3616e73ccc,1,AND,65f2bf00-cb03-4340-b176-7494995a8cd1,3afefd51-777d-40a0-93ae-dfa83b9b0b4f,Wire,150,150,True,139,902,42,0.261292931322647,1.81416477532537,0.00097323652981363,21,57.6888204074238
ca621e8b-5553-401c-bbe5-6d3616e73ccc,1,AND,34d7e495-46c0-4974-abd8-4ab6139684da,4e483c52-bf76-4a6f-bd6c-4bc88d43c2db,Wire,143,143,True,120,1285,76,0.0731720688973062,0.342834691263554,0.0126237251190181,20,209.160225664441
ca621e8b-5553-401c-bbe5-6d3616e73ccc,1,AND,ca4b8e86-14c0-4c71-bf12-cb030e5579b7,4ad67673-2038-43af-80f5-5c11b42dedf6,Wire,128,128,True,100,1087,11,0.0030514234469787,0.0103995403003779,1.52053644696875E-06,18,112.361025271221
ca621e8b-5553-401c-bbe5-6d3616e73ccc,1,AND,cc43b286-c30d-4393-ab20-a0c42b4cdd1d,9e81c1a1-4d30-4691-85bd-c5c4966f92e4,AND,580,173,True,126,662,938,0.304009466048117,1.8387276378851,0.00737679281764982,24,86.1452262171271
ca621e8b-5553-401c-bbe5-6d3616e73ccc,1,AND,cc43b286-c30d-4393-ab20-a0c42b4cdd1d,323fcaa9-5f5e-43b9-bd6b-a894dfd41002,AND,580,271,True,140,662,938,0.132221673712875,0.828768114861465,0.0936417989841998,37,86.1452262171271
ca621e8b-5553-401c-bbe5-6d3616e73ccc,1,AND,93232c9f-be4f-4210-bc14-8ecd54e0a847,1bad43c5-c12e-407f-b333-42b64234f630,Wire,135,135,True,149,945,100,0.48994513235918,3.36688015923099,0.000124800965709837,19,86.1452262171271
ca621e8b-5553-401c-bbe5-6d3616e73ccc,1,AND,046bd583-3f34-4d6e-a907-e7600a07670f,6206048c-d847-4477-8528-ec26059221ea,Wire,150,150,True,140,1171,79,0.0276115268302826,0.130241986277121,0.000289435435543411,21,16.7630546142402
ca621e8b-5553-401c-bbe5-6d3616e73ccc,1,AND,42a937cc-bc9a-44d6-9f94-3fc594902e24,b02278e3-6265-4b7c-b4c3-3f0504371320,Wire,135,135,True,138,1034,47,0.0284895508404124,0.176917779568933,5.39030665050996E-06,19,24.0416305603426
ca621e8b-5553-401c-bbe5-6d3616e73ccc,1,AND,634cc162-88b6-4343-adfc-06ebd9e16f4d,93ba76b2-45e3-4259-89b9-05ae514c5ca8,AND,563,188,True,175,705,1106,0.00331894638431912,0.433780847129138,0.0011294943267591,26,16.7630546142402
ca621e8b-5553-401c-bbe5-6d3616e73ccc,1,AND,634cc162-88b6-4343-adfc-06ebd9e16f4d,55eb0dca-d86c-4baf-8954-8c551d5d0706,AND,563,256,True,150,705,1106,0.115077556676494,0.853600874513137,0.0961730973727312,35,16.7630546142402
ca621e8b-5553-401c-bbe5-6d3616e73ccc,1,AND,2e8a87c6-dc67-4306-b2d1-82106ba6c958,296ee235-55a3-4003-95e8-758d9181914c,Wire,196,196,True,164,964,26,0.00483840114398044,0.274379763694299,0.000326416749959177,27,27.8926513619627
84eb769a-e5d1-4066-80fe-6a6687cc99ed,1,OR,fa84a4a3-d5cb-4514-affb-103ebbf878af,e4e7cf3d-6544-4ad8-9d63-879dde619a00,Wire,218,218,True,155,1437,75,0.00399167216340738,0.562933586695039,0.00293279317406114,30,157.012738336735
84eb769a-e5d1-4066-80fe-6a6687cc99ed,1,OR,0d60612f-1638-4fbf-8a76-64b95fa63a80,dc84e76c-657c-46ac-a657-31ba6d9fa2e6,Wire,263,263,True,149,1640,111,0.00570228319576015,1.04041049599821,0.00164683881539172,36,202.800394476934
84eb769a-e5d1-4066-80fe-6a6687cc99ed,1,OR,b4902d26-c273-4870-b8f3-63bce7830242,47d868b8-8c3c-4b53-92eb-447c91ec0677,OR,1598,286,True,162,1580,1523,0.0756858724892397,2.85225675707067,0.0674109064844649,39,7.21110255092798
84eb769a-e5d1-4066-80fe-6a6687cc99ed,1,OR,b4902d26-c273-4870-b8f3-63bce7830242,c2f6b3da-ec16-435b-bff8-3ffd9ecb6997,OR,1598,293,True,153,1580,1523,0.0368939954093127,1.62120780439109,7.61909364152947E-05,40,7.21110255092798
84eb769a-e5d1-4066-80fe-6a6687cc99ed,1,OR,b4902d26-c273-4870-b8f3-63bce7830242,6763b358-20a1-4181-9b87-fdca662bc4b1,OR,1598,45,True,17,1580,1523,0.0328294473725223,0.0373621593667319,0.0165205315425246,7,7.21110255092798
84eb769a-e5d1-4066-80fe-6a6687cc99ed,1,OR,b4902d26-c273-4870-b8f3-63bce7830242,2407d1d3-96dd-4710-aaa0-fc87548eb31b,OR,1598,263,True,151,1580,1523,0.0144538087492386,2.20911543001963,0.00231702194358004,36,7.21110255092798
84eb769a-e5d1-4066-80fe-6a6687cc99ed,1,OR,8cbf2859-9d32-4f59-9722-15fa1f238cb1,c343f130-6ef0-467d-a83b-1c56d74abc2e,Wire,241,241,True,141,1286,69,0.00877359407166994,2.28931151393171,0.00635101192772875,33,7.21110255092798
84eb769a-e5d1-4066-80fe-6a6687cc99ed,1,OR,3ded130b-faa7-453b-aca5-20479feedbf0,513c74c8-6ab3-4d12-8ec2-46129482ccca,Wire,203,203,True,136,1325,76,0.00739334471706655,0.338517882413987,0.000892153027266653,28,95.8801335001156
84eb769a-e5d1-4066-80fe-6a6687cc99ed,1,OR,914b50cf-6631-4815-90a8-a2acfa59f2fe,01c335bf-8c91-464b-a31f-82368b4ea001,Wire,196,196,True,141,1343,101,0.00663234042203889,0.525563799109768,0.0025387904502046,27,185.13238506539
84eb769a-e5d1-4066-80fe-6a6687cc99ed,1,OR,1eee50ec-4d77-4704-acc2-6ff21eede48f,3e1c3bc1-72de-4b80-a1ef-9d1fd9becbe6,OR,1778,278,True,143,1828,1540,0.0765984267651054,7.42778584454336,0.0112814852113886,38,12.8062484748657
84eb769a-e5d1-4066-80fe-6a6687cc99ed,1,OR,1eee50ec-4d77-4704-acc2-6ff21eede48f,4cc47a19-2868-4d84-8de0-2f1a17b8b322,OR,1778,271,True,137,1828,1540,0.0283271543089662,3.49022597619179,0.0032796665121179,37,12.8062484748657
84eb769a-e5d1-4066-80fe-6a6687cc99ed,1,OR,1eee50ec-4d77-4704-acc2-6ff21eede48f,5067e297-f0dc-4afa-89e7-fab3ff945619,OR,1778,293,True,129,1828,1540,0.0108936356623243,1.1601133200157,0.00789621215512983,40,12.8062484748657
84eb769a-e5d1-4066-80fe-6a6687cc99ed,1,OR,e5125c46-641c-4d94-bbf0-8859d95542ad,0d63e1c5-f5e2-4e66-b0ad-964ad419f68d,Wire,271,271,True,150,1653,135,0.0103662066289651,4.05239231011174,0.000300649642913879,37,12.8062484748657
84eb769a-e5d1-4066-80fe-6a6687cc99ed,1,OR,a3ae8bdb-df36-4d70-98a1-061c45fba790,6834f29b-d5c9-4bd2-89d9-f7ca1947d1bf,Wire,173,173,True,136,1527,160,0.0882936469264585,0.955007681159039,0.000118172272499166,24,199.964996936964
84eb769a-e5d1-4066-80fe-6a6687cc99ed,1,OR,a0e11607-f4e8-4424-b0c6-895a4d307882,53f6932e-fd13-4cb5-9802-9c98ec7d5fa7,Wire,203,203,True,136,1869,27,0.0037013855271153,1.41293444313137,0.00023513669154524,28,168.715737262414
84eb769a-e5d1-4066-80fe-6a6687cc99ed,1,OR,ceca0d6b-08d9-49d9-b99a-c3da542924b8,15adc0ce-6aaa-46d2-8832-b761b0c07858,OR,1482,248,True,152,1937,1531,0.0715648337142674,0.942288842974994,0.00265433394795642,34,28
84eb769a-e5d1-4066-80fe-6a6687cc99ed,1,OR,ceca0d6b-08d9-49d9-b99a-c3da542924b8,5f32e247-b575-4c50-9503-db98be2a8a8c,OR,1482,278,True,154,1937,1531,0.0265675786572002,3.56726948477019,0.0111135644472077,38,28
84eb769a-e5d1-4066-80fe-6a6687cc99ed,1,OR,ceca0d6b-08d9-49d9-b99a-c3da542924b8,17606123-38d1-4c40-a678-c5d0cfe3ba53,OR,1482,263,True,134,1937,1531,0.0195083445644112,0.437268686299457,0.00430261475141965,36,28
84eb769a-e5d1-4066-80fe-6a6687cc99ed,1,OR,68828c26-f567-45de-808a-0c726ea0bf5d,c6d8c193-ed70-4d3d-913b-dc0ff4f2f83b,Wire,353,353,True,140,1749,90,0.0518963836607072,0.578639535876311,0.0021653937071354,48,28
84eb769a-e5d1-4066-80fe-6a6687cc99ed,1,OR,4abefdcd-1158-4f0d-8287-8029bf5013d4,039a0237-2135-4289-92f8-9b1c05e9a135,Wire,218,218,True,154,1617,53,0.00693974164777754,0.235881771337537,5.65747345091615E-05,30,85
84eb769a-e5d1-4066-80fe-6a6687cc99ed,1,OR,d8f05808-f24e-43db-ac3a-a0252ec80a0c,74db62f2-0eb9-4aa3-88fe-f6120c588be6,Wire,211,211,True,130,1676,66,0.00946025646297338,0.566147524545456,4.17237058854615E-05,29,273.130005674953
84eb769a-e5d1-4066-80fe-6a6687cc99ed,1,OR,c4900011-8611-4aa6-8031-09aad1d65b92,8ff2fc98-2f6e-403c-96aa-18a750dd6218,OR,1622,293,True,168,1528,1791,0.0563359747334158,0.8430586113219,0.01525111022863,40,3.60555127546399
84eb769a-e5d1-4066-80fe-6a6687cc99ed,1,OR,c4900011-8611-4aa6-8031-09aad1d65b92,1e731505-10ac-49e7-9464-c53e7f779c15,OR,1622,233,True,137,1528,1791,0.04972577653802,0.942033678640089,0.040677516005984,32,3.60555127546399
84eb769a-e5d1-4066-80fe-6a6687cc99ed,1,OR,c4900011-8611-4aa6-8031-09aad1d65b92,a745bd61-a346-401e-bf3b-f2234b4fd64e,OR,1622,286,True,134,1528,1791,0.0232868924781286,0.163872902048147,0.00120398738069631,39,3.60555127546399
84eb769a-e5d1-4066-80fe-6a6687cc99ed,1,OR,090d5f80-e812-41e7-8465-7c44fa3e9736,e73b9122-e121-4d65-8afe-5d683d890bc8,Wire,263,263,True,160,1720,221,0.0193071495690369,1.20754872259263,0.00153822290339759,36,3.60555127546399
84eb769a-e5d1-4066-80fe-6a6687cc99ed,1,OR,ce0652bb-dc01-4403-a273-9b1a8de940fa,18f01c44-8c7b-43d7-9114-aa751d383637,Wire,180,180,True,131,1662,78,0.000772489634351151,1.46785692150073,0.000100664636944061,25,196.328805833479
84eb769a-e5d1-4066-80fe-6a6687cc99ed,1,OR,ea264887-1181-41d7-a4bf-6d5e52c6c5f7,9ac4128e-a0a1-4a44-8056-04080e5aff40,Wire,203,203,True,145,1877,33,0.0044454240698509,0.0334002444566454,0.000349648742965414,28,195.166595502407
84eb769a-e5d1-4066-80fe-6a6687cc99ed,1,OR,7ae42612-0c2e-4228-8ce6-3d1616e24a81,aea0a09b-ef1c-4612-a866-893cdcb5302d,OR,1669,263,True,152,1683,1320,0.0942767495298851,0.843461636332119,0.062288332346772,36,12
84eb769a-e5d1-4066-80fe-6a6687cc99ed,1,OR,7ae42612-0c2e-4228-8ce6-3d1616e24a81,0f951756-f608-4831-bbfb-cf9d691ea1aa,OR,1669,263,True,137,1683,1320,0.026226067883374,0.469643998792567,0.00191233248054491,36,12
84eb769a-e5d1-4066-80fe-6a6687cc99ed,1,OR,7ae42612-0c2e-4228-8ce6-3d1616e24a81,36d8daee-d1a0-422e-90da-8e1b615193c2,OR,1669,218,True,135,1683,1320,0.012430579560799,0.461665478409751,0.00458144754679149,30,12
84eb769a-e5d1-4066-80fe-6a6687cc99ed,1,OR,7b6e778f-3c09-4634-a078-431f07757311,f35bcd53-ebe0-466c-b6ec-cd50d8c2c5c7,Wire,226,226,True,163,1563,117,0.00345338695000529,3.00591470542291,9.79639114238418E-05,31,12
222a54ac-cf7f-4bbb-9b30-6ff5e233a1ba,1,XOR,6f6c624f-1ff3-4933-9e23-99b553bbf99d,1d6d1c95-5af3-4dca-9261-60c46d0140fc,Wire,196,196,True,120,1917,138,0.00734149104298184,0.318579620829675,0.00196094226215164,27,198.176688841044
222a54ac-cf7f-4bbb-9b30-6ff5e233a1ba,1,XOR,6498440d-e33c-4da2-ba39-e95a7f31a456,4c2149a7-29cf-44d7-bd15-63265c46e09b,Wire,226,226,True,133,1976,186,0.00118221281216885,2.13217285849525,0.000204129846830412,31,104.809350727881
222a54ac-cf7f-4bbb-9b30-6ff5e233a1ba,1,XOR,98cd17c0-0780-4a9a-9034-6c5248356902,6619de88-671d-4b02-808c-ed0b7d8b97a4,XOR,1866,241,True,130,1653,1423,0.0638286251029243,1.54787441699177,0.0348712049965259,33,0
222a54ac-cf7f-4bbb-9b30-6ff5e233a1ba,1,XOR,98cd17c0-0780-4a9a-9034-6c5248356902,886ad2e0-a8a3-4d01-b17f-a231215e62dc,XOR,1866,248,True,138,1653,1423,0.0631460908318687,3.1650949924652,0.0184423408134065,34,0
222a54ac-cf7f-4bbb-9b30-6ff5e233a1ba,1,XOR,98cd17c0-0780-4a9a-9034-6c5248356902,2ee12bb9-3a6d-42a8-a699-1760872609fa,XOR,1866,248,True,134,1653,1423,0.0305376912356891,1.35036015724846,0.00195859002581259,34,0
222a54ac-cf7f-4bbb-9b30-6ff5e233a1ba,1,XOR,98cd17c0-0780-4a9a-9034-6c5248356902,e5167d6b-0deb-4564-83c9-255aa5f73539,XOR,1866,211,True,126,1653,1423,0.0288567996800892,0.153120927420546,0.0234350933815695,29,0
222a54ac-cf7f-4bbb-9b30-6ff5e233a1ba,1,XOR,9ee3378d-ab89-4cfe-9eec-3839844630a9,0d4088d0-2925-4ecf-bf9a-98d9a85aada7,Wire,173,173,True,130,1543,82,0.0162843512569368,0.0546469440486106,0.00383738343499593,24,0
222a54ac-cf7f-4bbb-9b30-6ff5e233a1ba,1,XOR,6e662d78-9439-4803-bd6a-63c299ba15c9,7756c499-7706-487b-80a2-c9ddb34be84d,Wire,158,158,True,121,1804,45,0.0155305667320876,0.0734271264721073,0.00302295741229536,22,144.201248260894
222a54ac-cf7f-4bbb-9b30-6ff5e233a1ba,1,XOR,18ef6e67-e5f8-4ad3-98cb-a76c6fdd5657,39a825c6-0016-44c6-91f7-ea4f1771def2,Wire,143,143,True,127,1735,119,0.00324726339783274,0.00433177450980013,0.0014061604632853,20,197.699266564143
222a54ac-cf7f-4bbb-9b30-6ff5e233a1ba,1,XOR,8dea9e5a-b5f7-4d28-b7e6-6c4644da0446,9d817f79-e38d-402c-8334-cfdf3a042669,XOR,1726,226,True,138,1926,1366,0.0688440388423073,0.924879820161581,0.057350455995953,31,10.770329614269
222a54ac-cf7f-4bbb-9b30-6ff5e233a1ba,1,XOR,8dea9e5a-b5f7-4d28-b7e6-6c4644da0446,89e72b62-4a95-430e-85dd-14b4a88b1b6e,XOR,1726,248,True,136,1926,1366,0.074890354966308,0.850983304442382,0.0066877936391604,34,10.770329614269
222a54ac-cf7f-4bbb-9b30-6ff5e233a1ba,1,XOR,8dea9e5a-b5f7-4d28-b7e6-6c4644da0446,da5c9c8c-99f5-471f-a099-9000b0e68591,XOR,1726,233,True,138,1926,1366,0.0344502405148125,1.08422923728124,0.00218744545254712,32,10.770329614269
222a54ac-cf7f-4bbb-9b30-6ff5e233a1ba,1,XOR,8dea9e5a-b5f7-4d28-b7e6-6c4644da0446,55b4c6f1-dbf2-4c09-baca-ab4f9027337a,XOR,1726,218,True,131,1926,1366,0.0282355348733639,5.51136495867305,0.0204445518422204,30,10.770329614269
222a54ac-cf7f-4bbb-9b30-6ff5e233a1ba,1,XOR,01ab7cae-afb9-4b3e-9f58-d86d571820b3,5866f74d-f889-48c7-a3df-1ff66f62c326,Wire,165,165,True,136,1570,135,0.0271822739944909,0.10818691292315,5.92534919752513E-05,23,10.770329614269
222a54ac-cf7f-4bbb-9b30-6ff5e233a1ba,1,XOR,ebf9f9de-203f-46a6-9762-b405e625b7e7,24df07d5-1cac-45b4-936a-fdaadf80cf85,Wire,173,173,True,131,1965,79,0.02187248455948,0.2095403205768,0.000282948985963426,24,174.201033291999
222a54ac-cf7f-4bbb-9b30-6ff5e233a1ba,1,XOR,66c8c16d-d2e7-4f1e-8a31-ce7a2e6ca957,ba7b02a9-022c-4089-9d7d-919528d35bfa,Wire,165,165,True,134,2000,32,0.00169517436279942,0.0104833455624448,1.32679060546119E-05,23,19.2353840616713
222a54ac-cf7f-4bbb-9b30-6ff5e233a1ba,1,XOR,9a3f4ac8-30fc-4128-9f53-d8b285b354ff,f4156bb3-6b3a-4e41-8d96-ae365584683c,XOR,2352,196,True,130,1895,1324,0.0773135427544262,0.091300500821441,0.0173992733948544,27,3
222a54ac-cf7f-4bbb-9b30-6ff5e233a1ba,1,XOR,9a3f4ac8-30fc-4128-9f53-d8b285b354ff,3089f15b-794f-43a6-aba6-1ec14611132d,XOR,2352,241,True,130,1895,1324,0.0836862413049522,1.50682525759811,0.0524408556168278,33,3
222a54ac-cf7f-4bbb-9b30-6ff5e233a1ba,1,XOR,9a3f4ac8-30fc-4128-9f53-d8b285b354ff,40bdc678-1342-4918-ada2-bd880e690a3f,XOR,2352,233,True,141,1895,1324,0.0408893007280321,0.435461670922492,0.0112691590966799,32,3
222a54ac-cf7f-4bbb-9b30-6ff5e233a1ba,1,XOR,9a3f4ac8-30fc-4128-9f53-d8b285b354ff,6f14df2d-1d1e-42a8-ba95-cc3e7c4f904a,XOR,2352,271,True,143,1895,1324,0.0476252681331729,1.31097472714942,0.004064641836202,37,3
222a54ac-cf7f-4bbb-9b30-6ff5e233a1ba,1,XOR,59442340-08de-4c47-8afc-110449ae12df,b3732d73-edff-434a-ba92-96bff6874292,Wire,211,211,True,125,1837,88,0.0471345010825175,0.877503363810653,0.00685651322941045,29,3
222a54ac-cf7f-4bbb-9b30-6ff5e233a1ba,1,XOR,d74c9017-cfb1-4c8a-a246-f8fc0bebfcfe,092c1632-1464-44ea-9838-a68c70afa569,Wire,150,150,True,124,2085,31,0.00535185267219404,0.0147978778531694,0.000976043188074319,21,12.8062484748657
222a54ac-cf7f-4bbb-9b30-6ff5e233a1ba,1,XOR,e23864fd-cd05-460c-a7f8-12aa4f4d327a,08062df9-50cc-46a4-8563-f67c221e6e69,Wire,241,241,True,144,2067,53,0.00470726918066173,0.089788584806102,7.57333771043767E-05,33,22.0907220343745
222a54ac-cf7f-4bbb-9b30-6ff5e233a1ba,1,XOR,91ca814a-e630-4079-b3b4-ec42783d1f85,258c0f35-1150-45cb-afd5-390824d05d56,XOR,2185,263,True,137,1865,1298,0.0597873959120912,1.62587576236899,0.00388799704177195,36,6.40312423743285
222a54ac-cf7f-4bbb-9b30-6ff5e233a1ba,1,XOR,91ca814a-e630-4079-b3b4-ec42783d1f85,adb043ff-e83d-4156-8415-c4631108246e,XOR,2185,241,True,140,1865,1298,0.0913260584756825,0.892467961264235,0.0213035800846409,33,6.40312423743285
222a54ac-cf7f-4bbb-9b30-6ff5e233a1ba,1,XOR,91ca814a-e630-4079-b3b4-ec42783d1f85,a8c7684d-cd19-401d-8499-aa9852b35380,XOR,2185,241,True,142,1865,1298,0.0389287015970717,1.7345606651475,0.0116304250707277,33,6.40312423743285
222a54ac-cf7f-4bbb-9b30-6ff5e233a1ba,1,XOR,91ca814a-e630-4079-b3b4-ec42783d1f85,f521b7ab-a7e8-4ca2-ac58-ea251e62c5f4,XOR,2185,241,True,134,1865,1298,0.0294886738169951,0.226702425435544,0.00211619183814188,33,6.40312423743285
222a54ac-cf7f-4bbb-9b30-6ff5e233a1ba,1,XOR,6f0efcae-5a6d-491c-8c97-9cad62786457,451387dc-abba-4370-a73e-0f0dbc47afc3,Wire,196,196,True,132,2135,95,0.00443164701965674,0.392970861680763,0.000364692364269416,27,6.40312423743285
222a54ac-cf7f-4bbb-9b30-6ff5e233a1ba,1,XOR,056ec9f9-d0a5-469a-8ea0-c2a093b0d911,ec4c4994-9fa3-4ede-b0b1-a0f2741a51a1,Wire,196,196,True,137,2235,74,0.00169893878616221,0.0832005399902211,0.000132869081896353,27,154.741720295465
222a54ac-cf7f-4bbb-9b30-6ff5e233a1ba,1,XOR,476206b7-aa37-4d60-b48c-ff08cc6f9ef5,ce5ca53b-ec50-42df-bdc7-270122aa9e77,Wire,165,165,True,138,2003,95,0.0107640902087227,0.0817604139112525,1.53108914218303E-05,23,22.8035085019828
222a54ac-cf7f-4bbb-9b30-6ff5e233a1ba,1,XOR,34be5836-938c-4e4c-b6e0-a75d03f76164,e61e0e76-4977-497e-8fb7-79ed6fb03892,XOR,1906,203,True,141,1938,1313,0.0750705852955623,0.306854679008852,0.0349264332643887,28,11.0453610171873
222a54ac-cf7f-4bbb-9b30-6ff5e233a1ba,1,XOR,34be5836-938c-4e4c-b6e0-a75d03f76164,1b8f84e3-912b-4609-b318-f2db57fcc886,XOR,1906,248,True,140,1938,1313,0.079319503232184,0.940919094401685,0.00106182560099269,34,11.0453610171873
222a54ac-cf7f-4bbb-9b30-6ff5e233a1ba,1,XOR,34be5836-938c-4e4c-b6e0-a75d03f76164,c129331a-c1f1-44d8-be67-7e98c115a604,XOR,1906,233,True,131,1938,1313,0.0360340630642431,1.28114491670966,0.0239167528498787,32,11.0453610171873
222a54ac-cf7f-4bbb-9b30-6ff5e233a1ba,1,XOR,34be5836-938c-4e4c-b6e0-a75d03f76164,db5ddb76-673c-4024-bb04-b91906450500,XOR,1906,226,True,138,1938,1313,0.0341104166191303,0.257692871849434,0.00253320784872734,31,11.0453610171873
222a54ac-cf7f-4bbb-9b30-6ff5e233a1ba,1,XOR,0702a438-f2e8-48e6-b4c1-18a2ecfdcb83,4ef8fa79-bedd-4ca4-920f-597bd7f19f19,Wire,180,180,True,135,1556,82,0.011969209639264,0.0716467057226532,0.00151487951542245,25,11.0453610171873
7744a7c6-5153-431e-a82f-da7897630caf,1,NAND,6ae0af5c-4dca-406a-b436-79fdb2906e1a,f99b3f8c-9f78-4505-bd74-20df09bcc804,Wire,180,180,True,126,1671,56,0.00313645446894955,0.0585712152387479,0.000255834913750395,25,121.840059093879
7744a7c6-5153-431e-a82f-da7897630caf,1,NAND,5a6227d8-a840-40e8-b1f4-ed37c2490ecd,937529a9-abd7-4271-8ec8-d6806aff9689,Wire,211,211,True,137,1846,143,0.000308534141492759,1.0255049732876,2.16958881672081E-05,29,34.8855270850248
7744a7c6-5153-431e-a82f-da7897630caf,1,NAND,b278da8e-631f-433d-a85b-093b5032a902,83e59215-2c60-475f-8789-7f49672aace9,NAND,1560,263,True,150,1156,1154,0.0109775072383153,1.35427393344591,0.00448608884046914,36,10.1980390271856
7744a7c6-5153-431e-a82f-da7897630caf,1,NAND,b278da8e-631f-433d-a85b-093b5032a902,c68fe11d-b365-4fd8-8ae4-7ad4c837e111,NAND,1560,361,True,147,1156,1154,0.0918186803772379,5.12766939385952,0.0576259342850203,49,10.1980390271856
7744a7c6-5153-431e-a82f-da7897630caf,1,NAND,b278da8e-631f-433d-a85b-093b5032a902,9448399e-91fd-44fc-af95-3da9aed1bf93,NAND,1560,286,True,143,1156,1154,0.552770827911566,0.793462257572149,0.46995315204458,39,10.1980390271856
7744a7c6-5153-431e-a82f-da7897630caf,1,NAND,35c56679-f33d-457d-8dda-dd97c780e2d1,24002603-3446-4d6d-bd2b-771291e3b7c4,Wire,286,286,True,114,1259,64,0.457728375249375,1.98630753767193,0.000354959815541893,39,10.1980390271856
7744a7c6-5153-431e-a82f-da7897630caf,1,NAND,3668ef90-197d-4f62-bd64-cecac3188041,c3b7a2b9-1359-452e-b879-d7a2baefc0b9,Wire,180,180,True,131,1733,72,0.00515808763850644,0.129909732273474,0.0015046160432964,25,140.356688476182
7744a7c6-5153-431e-a82f-da7897630caf,1,NAND,ec63c815-9070-48f7-a083-38675c4c19de,88bf35ab-43e6-4a1b-9f8a-f91bb1dfa54f,Wire,173,173,True,131,1646,61,0.0436203824368395,0.489794492768981,9.1252480178489E-05,24,25.298221281347
7744a7c6-5153-431e-a82f-da7897630caf,1,NAND,42dfa051-550f-4aab-943d-606a6c0a0bc3,34556173-591c-4dd6-93b5-b06819405109,NAND,1528,278,True,150,1262,1263,0.00849766097605708,0.60539801409508,0.000325861239078893,38,25.298221281347
7744a7c6-5153-431e-a82f-da7897630caf,1,NAND,42dfa051-550f-4aab-943d-606a6c0a0bc3,23368bbe-e303-4fe5-9f0c-305045512392,NAND,1528,331,True,145,1262,1263,0.0907010026932042,3.77434644875073,0.071033139883311,45,25.298221281347
7744a7c6-5153-431e-a82f-da7897630caf,1,NAND,42dfa051-550f-4aab-943d-606a6c0a0bc3,4aea96a7-b8e8-44cd-ad86-83f893eb94ce,NAND,1528,308,True,145,1262,1263,0.394853339454772,1.38099776463708,0.231323299537323,42,25.298221281347
7744a7c6-5153-431e-a82f-da7897630caf,1,NAND,64499c62-8714-44c3-826a-d2c5c639b33b,5984ce34-87a5-48aa-978b-ee971954714b,Wire,248,248,True,140,1254,110,0.00942348728518801,0.605037565762031,0.0034982448670484,34,57.706152185014
7744a7c6-5153-431e-a82f-da7897630caf,1,NAND,2350c220-45ba-4b99-b248-ace27f7d5b78,c605b6de-178e-4dbe-a3f0-f9fee53c52c9,Wire,196,196,True,123,1647,48,0.00255663496514603,2.48265534203461,8.58141599200798E-05,27,85.3287759199674
7744a7c6-5153-431e-a82f-da7897630caf,1,NAND,9ea83d6f-f06d-4abb-9fd2-5ee39eb32064,cf31ac8c-ec0c-4fbe-a9eb-5c5111c9a907,Wire,226,226,True,120,1767,61,0.00260478857542901,0.151607709445165,0.00050841796704373,31,26.8328157299975
7744a7c6-5153-431e-a82f-da7897630caf,1,NAND,76d844c5-f50c-4ae1-9cc5-35a136bc2a10,1c509dce-5ed1-4daa-877e-0b6b01fe5cff,NAND,1467,233,True,152,1336,1381,0.0137650905443811,1.36925934737139,0.00025451235377117,32,26.8328157299975
7744a7c6-5153-431e-a82f-da7897630caf,1,NAND,76d844c5-f50c-4ae1-9cc5-35a136bc2a10,9ab9dbcf-207b-46ac-a434-545778211c89,NAND,1467,301,True,136,1336,1381,0.0839497926385214,0.734798146674623,0.016791017199902,41,26.8328157299975
7744a7c6-5153-431e-a82f-da7897630caf,1,NAND,76d844c5-f50c-4ae1-9cc5-35a136bc2a10,77449e82-2317-4b78-b10c-4fa2040a7a3b,NAND,1467,293,True,161,1336,1381,0.363105153013722,0.823690970330693,0.315199830029649,40,26.8328157299975
7744a7c6-5153-431e-a82f-da7897630caf,1,NAND,0c139d4d-b065-4830-a14b-856d388945ae,ce438e56-abd3-4972-90d6-2e13a5b63c46,Wire,203,203,True,140,1374,98,0.00558786529354773,0.38789368276115,0.000917646643025442,28,46.5295604965274
7744a7c6-5153-431e-a82f-da7897630caf,1,NAND,14cbdbcd-1109-46d9-9e0a-fe752650dca0,bdf73120-2dd5-4668-8944-9904e159d26e,Wire,165,165,True,120,1456,50,0.0249362887768708,0.194390604688731,0.000385866639031249,23,13.9283882771841
7744a7c6-5153-431e-a82f-da7897630caf,1,NAND,72c6527d-77d7-4135-867f-5db0345d26fc,1a75ec90-f195-489a-888e-fe31fa5f19f3,Wire,196,196,True,139,1231,17,0.00174602491981106,0.203576042815911,0.000145674947133975,27,30.6757233003559
7744a7c6-5153-431e-a82f-da7897630caf,1,NAND,04ec8f5a-ccc1-48c4-991e-7c01b3858673,26d030df-e372-4ba4-b686-b19851dfb3ab,NAND,1520,286,True,153,1108,1335,0.0632218361691338,3.02378125273826,9.32275285503029E-05,39,5.8309518948453
7744a7c6-5153-431e-a82f-da7897630caf,1,NAND,04ec8f5a-ccc1-48c4-991e-7c01b3858673,fa540023-a44d-4465-bc6c-4555df0c72c3,NAND,1520,361,True,149,1108,1335,0.0815024211960452,0.851030321989945,0.0031268922813798,49,5.8309518948453
7744a7c6-5153-431e-a82f-da7897630caf,1,NAND,04ec8f5a-ccc1-48c4-991e-7c01b3858673,d37d45e3-80de-453b-a9b1-7b1da42be32a,NAND,1520,323,True,161,1108,1335,0.347312861173047,0.916698877673032,0.0566643821950409,44,5.8309518948453
7744a7c6-5153-431e-a82f-da7897630caf,1,NAND,28c23d66-22a6-4fc2-aeb3-b11dba661e75,51482393-c950-4add-a00a-9a4282bc1609,Wire,316,316,True,123,1435,145,0.126516440360787,0.755574188367525,0.00110157228310785,43,5.8309518948453
7744a7c6-5153-431e-a82f-da7897630caf,1,NAND,408ad23a-2346-4de4-bd2a-e375b1ed2944,081c85bc-8900-4e6a-b409-1ee8ccc3022b,Wire,196,196,True,134,1404,84,0.0084251978481128,0.993121914038546,0.000116736994376678,27,219.20310216783
7744a7c6-5153-431e-a82f-da7897630caf,1,NAND,83b38ee2-b894-481b-bea8-66a3e585b664,81c1fce8-7263-4615-85bc-0fc9a9b1dceb,Wire,196,196,True,142,1437,128,0.000537848266247174,0.284050635497759,0.000107535637044887,27,36.0138862107382
7744a7c6-5153-431e-a82f-da7897630caf,1,NAND,8861153c-1cb2-455f-bfaa-dbf78068cd98,a9684df6-9a2c-4eca-8cf0-e41436e7a7c4,NAND,1435,248,True,152,1118,1087,0.0202377498195515,2.28909337739807,0.00112309329303065,34,12.2065556157337
7744a7c6-5153-431e-a82f-da7897630caf,1,NAND,8861153c-1cb2-455f-bfaa-dbf78068cd98,fa73f75a-bd5f-448f-bac3-ed0bbdd60f36,NAND,1435,361,True,149,1118,1087,0.0961353931364185,1.66816455646855,0.0208717504959903,49,12.2065556157337
7744a7c6-5153-431e-a82f-da7897630caf,1,NAND,8861153c-1cb2-455f-bfaa-dbf78068cd98,6f99c910-de74-4b15-b447-6a0f02dc247c,NAND,1435,278,True,143,1118,1087,0.477510522561406,3.41177023260906,0.101765243095242,38,12.2065556157337
7744a7c6-5153-431e-a82f-da7897630caf,1,NAND,caa4b9d8-ffc4-4f25-83c8-90bbd5822e2f,99376683-d06c-4cb9-9358-1a99114150f5,Wire,286,286,True,144,1211,60,0.0118131374792147,0.867463352459986,0.00104027942288088,39,12.2065556157337
939ebf81-92f8-4688-bcb2-04a90314076b,1,NOR,d80710ae-a80c-4709-a28b-4ed37b12f950,56e31931-8202-4611-95d9-44afa523d352,Wire,180,180,True,121,1625,76,0.00935457441049384,0.153470808030888,0.00188632523704805,25,115.663304466023
939ebf81-92f8-4688-bcb2-04a90314076b,1,NOR,4ea44c9d-82e3-4310-8e74-afc6f6817797,f9e9b7fc-f930-4ab3-a2f9-82f88c5d30bd,Wire,226,226,True,114,1571,143,0.00328128841754621,0.170816377025701,0.000612497512280856,31,207.858124690857
939ebf81-92f8-4688-bcb2-04a90314076b,1,NOR,8a90e0ae-1126-4a46-8741-b0eaa7dc60be,aaedbc6c-033f-4654-beea-eb981bbf8623,NOR,2248,248,True,145,1880,1320,0.0960994622076784,4.27003749045077,0.0144661121948189,34,70.4556598152341
939ebf81-92f8-4688-bcb2-04a90314076b,1,NOR,8a90e0ae-1126-4a46-8741-b0eaa7dc60be,40d9e876-0fed-4575-b858-a31766360e70,NOR,2248,241,True,133,1880,1320,0.0389459665097207,1.55444651798363,0.0276920953802242,33,70.4556598152341
939ebf81-92f8-4688-bcb2-04a90314076b,1,NOR,8a90e0ae-1126-4a46-8741-b0eaa7dc60be,7b92cd18-421d-495b-b28d-456b82bbde68,NOR,2248,233,True,120,1880,1320,0.00592677585636334,0.920496850540301,0.000757885819469645,32,70.4556598152341
939ebf81-92f8-4688-bcb2-04a90314076b,1,NOR,8a90e0ae-1126-4a46-8741-b0eaa7dc60be,8445006b-325e-4f18-b7ed-a0a1f9c5d4b0,NOR,2248,308,True,143,1880,1320,0.494100068793681,1.7079602103791,0.335254226005963,42,70.4556598152341
939ebf81-92f8-4688-bcb2-04a90314076b,1,NOR,1776a078-5bc6-4c7b-a7cb-c1c8f464c740,dbb078b9-cd3b-43ae-96c3-135ba4d689e9,Wire,211,211,True,130,1635,153,0.00559914695281371,9.86454384604779,0.00395202307808074,29,70.4556598152341
939ebf81-92f8-4688-bcb2-04a90314076b,1,NOR,6090f02d-4c02-4b0a-912f-3f0d7da9a1d7,5c92e1e0-b3f4-4dea-8d88-cea3dbde5a17,Wire,143,143,True,134,1276,40,0.0113132946810493,0.0271318460644229,0.00171913915643695,20,79.6115569499806
939ebf81-92f8-4688-bcb2-04a90314076b,1,NOR,de11d7f4-16fb-4965-aa6a-49d93f13259a,4364a17a-76e0-42c9-a17e-15d66e225278,Wire,165,165,True,144,1405,99,0.00571625748176613,0.0254942492941507,0.000128845612591757,23,85.9069263796581
939ebf81-92f8-4688-bcb2-04a90314076b,1,NOR,ef7453f2-7932-4b20-a6ff-d0fbce02577b,23de7062-324c-43d2-9f5e-8aa409490246,NOR,2193,271,True,156,1411,1189,0.094390929551816,1.55402905043219,0.015766475287788,37,5.65685424949238
939ebf81-92f8-4688-bcb2-04a90314076b,1,NOR,ef7453f2-7932-4b20-a6ff-d0fbce02577b,ca982d82-ea8d-4da3-b444-b4a7db89984b,NOR,2193,271,True,140,1411,1189,0.0528457585964059,1.55085144767541,0.00169981595703975,37,5.65685424949238
939ebf81-92f8-4688-bcb2-04a90314076b,1,NOR,ef7453f2-7932-4b20-a6ff-d0fbce02577b,27eff709-b51f-4e5d-a269-746d9db39840,NOR,2193,263,True,132,1411,1189,0.024914020831442,2.33839260973792,0.000725029081374301,36,5.65685424949238
939ebf81-92f8-4688-bcb2-04a90314076b,1,NOR,ef7453f2-7932-4b20-a6ff-d0fbce02577b,4b832937-05b1-47a0-8e55-b070f2b80062,NOR,2193,301,True,151,1411,1189,0.372558671022311,10.290869843558,0.264888681400808,41,5.65685424949238
939ebf81-92f8-4688-bcb2-04a90314076b,1,NOR,4d45441f-45da-4404-8b92-0a08417d4b62,6d25513f-86c2-4c18-a4a5-f6df98e929bc,Wire,248,248,True,157,1054,117,0.0498160725956492,6.70616633738333,0.00548169895019719,34,5.65685424949238
939ebf81-92f8-4688-bcb2-04a90314076b,1,NOR,e56085f9-6c9f-4d88-8c1e-534c7b73a63a,06c2c7e5-ff94-4085-bc10-0853a4e4c7d7,Wire,173,173,True,132,1787,112,0.0723721264778829,0.638097057730732,0.000715186284057346,24,111.126054550677
939ebf81-92f8-4688-bcb2-04a90314076b,1,NOR,71c5b5a4-1a14-423d-9c2c-7995f62b278b,54978229-59b2-44b7-97a1-bb08c2c51d10,Wire,180,180,True,123,1834,93,0.000873485055507091,0.050934795818622,0.000119129661071274,25,290.299844987902
939ebf81-92f8-4688-bcb2-04a90314076b,1,NOR,ed0c7d3e-2df0-41e8-b219-a4b3ce883447,ad2ae09b-fa8d-455a-9ff6-d693c8fe141e,NOR,2090,278,True,162,1804,1516,0.0746854199597076,0.961760943835714,0.0108929667422229,38,41.0121933088198
939ebf81-92f8-4688-bcb2-04a90314076b,1,NOR,ed0c7d3e-2df0-41e8-b219-a4b3ce883447,d67adc56-a3be-44c5-91fe-79d9d50ae1fa,NOR,2090,286,True,148,1804,1516,0.0271940071720373,0.998866528014543,0.017872846986503,39,41.0121933088198
939ebf81-92f8-4688-bcb2-04a90314076b,1,NOR,ed0c7d3e-2df0-41e8-b219-a4b3ce883447,31d2c090-48f7-4ff0-8c02-7816ce33d3ab,NOR,2090,233,True,128,1804,1516,0.0212006765748086,1.12891452622077,0.000194747388461376,32,41.0121933088198
939ebf81-92f8-4688-bcb2-04a90314076b,1,NOR,ed0c7d3e-2df0-41e8-b219-a4b3ce883447,fc843fd7-f455-4815-a80a-0aef7c0e1ea7,NOR,2090,256,True,148,1804,1516,0.406499631142065,0.520926723322856,0.245030247722439,35,41.0121933088198
939ebf81-92f8-4688-bcb2-04a90314076b,1,NOR,c88e4042-567a-4224-ba1a-6172e6bafe02,5d5370c9-a939-4bcf-8c1c-d571e6aabba6,Wire,436,436,True,118,1446,71,0.683890509394569,2.72766746094456,0.00148274483039802,59,41.0121933088198
939ebf81-92f8-4688-bcb2-04a90314076b,1,NOR,185945ea-5b4d-4bd2-8210-43c708957e28,34427d42-c043-4248-856b-e1fa5285319b,Wire,188,188,True,148,1447,114,0.0114333894094505,1.08408343211839,0.0105426752483004,26,182.164760587771
939ebf81-92f8-4688-bcb2-04a90314076b,1,NOR,9acc4150-3ac4-40fd-9165-dbf3cd482007,194071c8-55fc-4479-9dc0-6e433857a659,Wire,211,211,True,149,1534,59,0.00112429072187593,0.838122191438464,0.000135857654603636,29,83.198557679806
939ebf81-92f8-4688-bcb2-04a90314076b,1,NOR,9db29046-78f0-43ad-aac5-9c8dd85d71ed,1b11c587-d33f-40ba-904e-de78dee65f67,NOR,2098,286,True,160,1600,1282,0.0903320283680606,0.659108626730665,0.0170652246634452,39,2
939ebf81-92f8-4688-bcb2-04a90314076b,1,NOR,9db29046-78f0-43ad-aac5-9c8dd85d71ed,8d205fde-4406-422a-85d7-a7bfffa358ea,NOR,2098,286,True,156,1600,1282,0.0395612449591241,1.79805315799715,0.00216473097669695,39,2
939ebf81-92f8-4688-bcb2-04a90314076b,1,NOR,9db29046-78f0-43ad-aac5-9c8dd85d71ed,bcd621f3-fcb1-4566-877b-53929359ab0d,NOR,2098,271,True,152,1600,1282,0.0175964514699766,1.12245274029309,0.00050125055589831,37,2
939ebf81-92f8-4688-bcb2-04a90314076b,1,NOR,9db29046-78f0-43ad-aac5-9c8dd85d71ed,eb0c97e1-b0cc-4adc-959e-72bbfb54f1cb,NOR,2098,301,True,153,1600,1282,0.407435354350504,0.651147313511762,0.240804280794482,41,2
939ebf81-92f8-4688-bcb2-04a90314076b,1,NOR,998e845c-df8f-438f-8a94-2425e2f7673a,9deb82ad-f8f8-4372-a190-556f2b9246e9,Wire,241,241,True,154,1345,114,0.04415763614859,1.73327676367058,0.00536070131377578,33,2
939ebf81-92f8-4688-bcb2-04a90314076b,1,NOR,d67fa828-b3c3-4b6b-b5f0-fc35e8e47dcb,3b35a6af-deb4-4e64-8d31-dbcaf35c7823,Wire,211,211,True,137,1434,50,0.00044135296716953,0.93402187014762,7.67600295994554E-05,29,147.186955943793
939ebf81-92f8-4688-bcb2-04a90314076b,1,NOR,31e9131f-1c87-459d-ae0a-e39b7a928584,dfe9077f-2d1b-43ad-a6f3-2d24dd25ea6e,Wire,263,263,True,127,1299,90,0.135161372894428,2.4640563511971,0.00125345748969752,36,245.097939607823
939ebf81-92f8-4688-bcb2-04a90314076b,1,NOR,5c88eb26-769c-4576-96de-0bd9f7a76994,39d5f1bf-836b-45c8-90d8-8f8a6cf00c1e,NOR,2037,256,True,143,1605,1254,0.100176959045712,1.46343098203323,0.0033134870511829,35,29.0688837074973
939ebf81-92f8-4688-bcb2-04a90314076b,1,NOR,5c88eb26-769c-4576-96de-0bd9f7a76994,0461f7e1-a291-4d35-89d4-d53631b80886,NOR,2037,278,True,150,1605,1254,0.0570676448433777,3.70468493197402,0.0235363519225363,38,29.0688837074973
939ebf81-92f8-4688-bcb2-04a90314076b,1,NOR,5c88eb26-769c-4576-96de-0bd9f7a76994,29e1b94c-8c9b-4a56-a50d-4c57ad5cc486,NOR,2037,226,True,136,1605,1254,0.0180529387845693,6.95556003378492,0.0016090460823187,31,29.0688837074973
939ebf81-92f8-4688-bcb2-04a90314076b,1,NOR,5c88eb26-769c-4576-96de-0bd9f7a76994,9aeb7244-df5b-4c4d-b162-e414d685546d,NOR,2037,293,True,141,1605,1254,0.405887912578894,5.07747156755442,0.15642636633435,40,29.0688837074973
939ebf81-92f8-4688-bcb2-04a90314076b,1,NOR,af22f7af-b986-4e3d-be1e-5437541453c0,3807e8a1-1e1b-433b-aab5-6ec5e4490677,Wire,226,226,True,144,1718,51,0.00594861521346449,0.712626384425147,0.00446969237491045,31,29.0688837074973
1fecab61-c469-4e73-983c-4c6e45d6500b,1,NOT,f55ec729-202d-4bdc-9824-7ffa1a414e71,730a3115-2013-4438-be94-cbf26c193e87,Wire,180,180,True,144,1325,83,0.00840720381266859,0.351394184680377,0.00093197149919855,25,90.6090503205943
1fecab61-c469-4e73-983c-4c6e45d6500b,1,NOT,eafe20b9-8b08-456c-8a1d-65c262a31586,8e362b53-90c0-45c3-8a96-a7a405ef22c5,NOT,1508,211,True,138,1347,686,0.0346403916521198,0.472473301082092,0.00290809637647778,29,29.0172362570938
1fecab61-c469-4e73-983c-4c6e45d6500b,1,NOT,eafe20b9-8b08-456c-8a1d-65c262a31586,35b933c7-e9c1-44f2-bd99-92d8886f539c,NOT,1508,429,True,168,1347,686,0.151247490100286,1.99366061565115,0.000731304908886225,58,29.0172362570938
1fecab61-c469-4e73-983c-4c6e45d6500b,1,NOT,eafe20b9-8b08-456c-8a1d-65c262a31586,b5b2cb55-b15b-4d5e-ae2d-81da2fdf9ed7,NOT,1508,286,True,156,1347,686,0.45104146406811,0.833743816707252,0.0641296390302133,39,29.0172362570938
1fecab61-c469-4e73-983c-4c6e45d6500b,1,NOT,c987c864-d0ab-40c6-bdc7-c1604eb0247e,65102f09-e26a-4bb9-a474-d95b6937c6b9,Wire,286,286,True,152,1515,121,0.044161217964191,0.617276470819163,0.000232605378983333,39,29.0172362570938
1fecab61-c469-4e73-983c-4c6e45d6500b,1,NOT,e42a2896-16b5-4fa4-a6ff-3b0a5a54f698,7dd000aa-cef1-4d98-a20e-dca176237306,Wire,211,211,True,140,1513,50,0.00567872467014722,0.575408162781783,0.000574374250739014,29,13
1fecab61-c469-4e73-983c-4c6e45d6500b,1,NOT,2520d4a5-0100-41a6-b18d-9522c7aebfa8,ff440bab-10ca-4d4b-8b7c-3273c4ece92a,NOT,1429,211,True,160,1475,706,0.0214572557702241,2.6162467205722,0.00541724759469208,29,13
1fecab61-c469-4e73-983c-4c6e45d6500b,1,NOT,2520d4a5-0100-41a6-b18d-9522c7aebfa8,db1e80d5-2360-4a62-9f63-4716c1a1a562,NOT,1429,406,True,177,1475,706,0.057248590299515,0.882498347462025,4.28616485125187E-05,55,13
1fecab61-c469-4e73-983c-4c6e45d6500b,1,NOT,2520d4a5-0100-41a6-b18d-9522c7aebfa8,79d54a56-e6b7-4e01-a6d3-279427760bd0,NOT,1429,293,True,162,1475,706,0.451939494020289,3.10414317248702,0.00128053907562968,40,13
1fecab61-c469-4e73-983c-4c6e45d6500b,1,NOT,7f3fada6-69cd-4655-b0c5-fdd62e4ee095,3a91736a-7080-4bba-876e-b9dda273f51c,Wire,286,286,True,157,1532,109,0.069607219445532,1.30332476600068,0.000752183573386315,39,42.2965719651132
1fecab61-c469-4e73-983c-4c6e45d6500b,1,NOT,cfacaebb-2223-417e-9ae3-9c8b1b592f49,18677f6a-c46a-4762-abc4-4a8efaf2792e,Wire,158,158,True,120,1331,17,0.0181403517033959,0.120736810582121,0.00209182478451379,22,99.0050503762308
1fecab61-c469-4e73-983c-4c6e45d6500b,1,NOT,219bca39-74b8-41f9-81e1-80db503d620d,498a5a8c-81e9-4c33-bab9-6fec225d672b,NOT,1388,278,True,142,1514,585,0.0857217907906555,1.19586363894799,0.00733052713017668,38,88.0567998510053
1fecab61-c469-4e73-983c-4c6e45d6500b,1,NOT,219bca39-74b8-41f9-81e1-80db503d620d,4a67b707-0887-4c0e-9dcb-0ce14b7d87cd,NOT,1388,451,True,181,1514,585,0.136571345641173,2.08638728739575,0.00140453080900599,61,88.0567998510053
1fecab61-c469-4e73-983c-4c6e45d6500b,1,NOT,219bca39-74b8-41f9-81e1-80db503d620d,aa2307f4-46d3-44de-a7f9-99fe73dc9ad4,NOT,1388,286,True,156,1514,585,0.543830008241301,2.52048322088389,0.111202821410116,39,88.0567998510053
1fecab61-c469-4e73-983c-4c6e45d6500b,1,NOT,3f8d4a4a-16ac-4b4f-94a8-fe8ec9e25dd8,767fc5b7-747b-402f-b2ff-5df2104bfef2,Wire,376,376,True,143,1585,129,0.255958837348567,1.01152242397534,0.00366026174778826,51,88.0567998510053
1fecab61-c469-4e73-983c-4c6e45d6500b,1,NOT,dae0126e-df2f-4d84-a439-5053f8dcbfc5,c141a77d-8c6a-49f7-8028-9e0026016841,Wire,226,226,True,129,1647,22,0.00181167081888615,0.309723798665299,0.00122615994749374,31,53.2259335286851
1fecab61-c469-4e73-983c-4c6e45d6500b,1,NOT,fd24d588-969b-4d0d-8e34-1fe5f771e443,9416a65a-ea9c-45cf-93e2-281a3b3f0995,NOT,1304,226,True,159,1519,742,0.0246760503216436,3.07248471863775,0.0104575956978882,31,53.2259335286851
1fecab61-c469-4e73-983c-4c6e45d6500b,1,NOT,fd24d588-969b-4d0d-8e34-1fe5f771e443,90ad56c5-279f-4900-96b5-692bc462a466,NOT,1304,436,True,174,1519,742,0.126495047599144,2.02102778015023,0.000572605746107154,59,53.2259335286851
1fecab61-c469-4e73-983c-4c6e45d6500b,1,NOT,fd24d588-969b-4d0d-8e34-1fe5f771e443,7147d072-4bf1-436a-91db-626a7b5bb51e,NOT,1304,271,True,139,1519,742,0.488220413011378,1.09796224512507,0.137354865281124,37,53.2259335286851
1fecab61-c469-4e73-983c-4c6e45d6500b,1,NOT,9e12592c-d46d-4f32-b564-45ae6848b002,01948279-379b-44bf-b808-17dbb84d6442,Wire,361,361,True,133,1522,92,0.0891191768578211,0.498383518734725,0.000740537914608524,49,83.6002392341075
69cfe24e-172b-48ba-910f-6f99546d9569,1,EQ1,f4d421ff-5007-4560-b5a3-ffec5c72f38a,df5ec210-4ffc-47e3-8eb5-faf747c140f5,Label,844,173,True,123,520,976,0.00860129179802038,0.0235745177746183,0.00037458284096796,24,379.0329800954
69cfe24e-172b-48ba-910f-6f99546d9569,1,EQ1,f4d421ff-5007-4560-b5a3-ffec5c72f38a,0e5d8c39-dfc2-408c-88cc-392b36883ee1,Label,844,256,True,142,520,976,0.0278310557766943,2.36281039700718,0.0002639209893258,35,379.0329800954
69cfe24e-172b-48ba-910f-6f99546d9569,1,EQ1,f4d421ff-5007-4560-b5a3-ffec5c72f38a,42c13584-8c5f-451d-b651-83bc4b4044de,Label,844,113,True,115,520,976,0.930332078525622,4.82045407657905,0.0218040154208009,16,379.0329800954
69cfe24e-172b-48ba-910f-6f99546d9569,1,EQ1,1670248a-5152-4298-96a8-40abff5217cb,af708437-d63f-4641-91c8-39a501ce9daa,Label,821,180,True,131,416,788,0.002198863802532,0.483409095570573,0.00118127619469894,25,59.3043000127309
69cfe24e-172b-48ba-910f-6f99546d9569,1,EQ1,1670248a-5152-4298-96a8-40abff5217cb,7c095aa2-390d-4209-af1b-856d75ca2973,Label,821,526,True,150,416,788,0.317380289445866,3.79539965112592,0.119623155152265,71,59.3043000127309
69cfe24e-172b-48ba-910f-6f99546d9569,1,EQ1,a6a2b424-5a43-44e5-94a4-55cb1f088ccf,146e534c-b11b-4f02-851c-838b209f0814,Label,271,271,True,138,493,936,0.11304204565245,0.769884231813871,0.09429565138567,37,437.250500285591
69cfe24e-172b-48ba-910f-6f99546d9569,1,EQ1,30601ce4-8065-4f79-84d0-9639f68b7775,c00206d8-23b6-4c73-8c7f-8de8389ab161,Wire,820,820,True,136,1209,2021,0.181090571170796,1.73917448443203,0.000200861715131817,110,99.4635611668917
69cfe24e-172b-48ba-910f-6f99546d9569,1,EQ1,12d26402-9733-409a-8e7b-23fd23a1c24e,b345c169-82f5-426c-95e3-488ab0df0592,Wire,632,632,True,152,1628,762,0.436725051573674,4.00628679870407,0.0018128505898992,85,12.1655250605964
69cfe24e-172b-48ba-910f-6f99546d9569,1,EQ1,a3e29286-9271-4aa9-927a-b5d2235fafd0,2fc9a47f-9e6e-4c48-adfd-baaa93b49d35,AND,686,233,True,129,443,818,0.00528231699559197,0.457863299368634,0.000645841676046675,32,12.1655250605964
69cfe24e-172b-48ba-910f-6f99546d9569,1,EQ1,a3e29286-9271-4aa9-927a-b5d2235fafd0,1210b2a3-9586-4335-835c-c5427a17d02a,AND,686,293,True,133,443,818,0.144201177311651,0.662567903983346,0.0109104186802922,40,12.1655250605964
69cfe24e-172b-48ba-910f-6f99546d9569,1,EQ1,dadc8459-578b-4d29-ae99-91a690799be8,dd1af2de-1417-46d2-8904-0c2b3a7bbeef,Wire,278,278,True,92,679,118,0.119821232552662,0.951585237641766,0,38,69.3541635375988
69cfe24e-172b-48ba-910f-6f99546d9569,1,EQ1,52a7eba2-bb92-413c-9c9a-3c38102114fc,df2195e5-c40c-4bfb-92d7-8b95be82e21f,Wire,1331,1331,True,169,2759,3476,0.114169774194626,3.37522635410065,8.09896986852628E-05,178,193.747258045114
69cfe24e-172b-48ba-910f-6f99546d9569,1,EQ1,902fd6f1-aefc-443c-bc44-5d10823a1c6b,20406130-1504-447a-8d78-12342ab45429,OR,2475,459,True,144,1197,1252,0.0745549056673373,3.49853783883604,0.00452968339920435,62,43.0116263352131
69cfe24e-172b-48ba-910f-6f99546d9569,1,EQ1,902fd6f1-aefc-443c-bc44-5d10823a1c6b,71d40f86-015f-452c-8407-12ec02f33e15,OR,2475,504,True,168,1197,1252,0.0476205258838203,1.25436711134911,0.00443547400612195,68,43.0116263352131
69cfe24e-172b-48ba-910f-6f99546d9569,1,EQ1,902fd6f1-aefc-443c-bc44-5d10823a1c6b,dfb73187-f9b4-4939-96e8-aab99eded25e,OR,2475,594,True,157,1197,1252,0.0306576196455269,1.42285225530795,0.00219602048913993,80,43.0116263352131
69cfe24e-172b-48ba-910f-6f99546d9569,1,EQ1,48f2ecbc-597b-4a70-b506-db7c54064a0b,9b716cb5-9b19-4ecc-bf49-719e9a9a2258,Wire,331,331,True,73,687,31,0.245192727336719,1.79761455033384,0.00839603582546184,45,43.0116263352131
69cfe24e-172b-48ba-910f-6f99546d9569,1,EQ1,2fc0ae7d-4033-4246-af76-b065c5e02eaa,61dca33f-6fc8-4abc-abb2-85cb85e02008,NOT,1994,353,True,140,1012,719,0.0718173647500028,0.702651528514424,0.000602361788780794,48,102.004901843
69cfe24e-172b-48ba-910f-6f99546d9569,1,EQ1,2fc0ae7d-4033-4246-af76-b065c5e02eaa,b28a7997-d19b-4489-8b3b-e0ec34bfa9d1,NOT,1994,677,True,174,1012,719,0.308391754138215,2.67417728769927,0.000181678635178311,91,102.004901843
69cfe24e-172b-48ba-910f-6f99546d9569,1,EQ1,2fc0ae7d-4033-4246-af76-b065c5e02eaa,15356ad4-7b81-45c5-ac85-3382581d153b,NOT,1994,316,True,156,1012,719,0.532936016669704,0.763037319943499,0.429146002814651,43,102.004901843
69cfe24e-172b-48ba-910f-6f99546d9569,1,EQ1,e73d2aa0-f9c5-4dd7-80f1-33e6eb0ce9a9,12542ec4-eadb-4ccf-8237-40e56fcba03c,Wire,48321,399,False,126,693,81,0.101699901523568,1.363636401583,0.00513653054268196,54,102.004901843
69cfe24e-172b-48ba-910f-6f99546d9569,1,EQ1,28ae55fa-8194-40aa-8ed2-6887e0a97b2b,a1279f17-e614-4d2c-a666-bc598c887f89,Wire,3780,2030,True,121,1997,5659,0.169403593908063,6.68081955814807,6.91217477120839E-05,271,8.54400374531753
69cfe24e-172b-48ba-910f-6f99546d9569,1,EQ1,28ae55fa-8194-40aa-8ed2-6887e0a97b2b,106ae5f2-841f-4bf1-b2b9-b18a333bc90f,Wire,3780,571,True,117,1997,5659,0.218631487427208,5.43800098170898,0.000391237758740971,77,8.54400374531753
69cfe24e-172b-48ba-910f-6f99546d9569,1,EQ1,369d6a22-9eed-4365-9be8-4bafe226885e,cf940c08-af91-4f1c-8c8d-f1e7493437ba,Wire,2057,323,True,107,987,72,0.00527769190485244,0.228090528357835,0.000321592668411,44,5
69cfe24e-172b-48ba-910f-6f99546d9569,1,EQ1,369d6a22-9eed-4365-9be8-4bafe226885e,24bb4967-1b1d-44e7-b3b0-ac4bbfad7b76,Wire,2057,737,True,132,987,72,0.233159738447946,1.67626265142902,0.00155108654842038,99,5
69cfe24e-172b-48ba-910f-6f99546d9569,1,EQ1,d9f87470-e422-48ce-8030-c8b6e1963de3,1ca4ae54-87d4-490c-b70a-961cda823f45,AND,1743,399,True,128,575,934,0.0186671559375758,0.441662819905793,0.000401223928394856,54,5
69cfe24e-172b-48ba-910f-6f99546d9569,1,EQ1,d9f87470-e422-48ce-8030-c8b6e1963de3,5b747bc9-ec41-4314-ab63-427909d307d8,AND,1743,895,True,171,575,934,0.120818685356099,6.08539514845208,0.000713702234966719,120,5
69cfe24e-172b-48ba-910f-6f99546d9569,1,EQ1,b1802461-bc2d-4009-84bf-22fa91f39a6f,89d504e1-1e3e-4931-a92c-111002c478cf,Wire,684,684,True,138,779,105,0.338467815672775,4.05070509230697,0.000365165356077396,92,29.732137494637
69cfe24e-172b-48ba-910f-6f99546d9569,1,EQ1,e9216841-1c25-416b-8935-0c6a454c3615,f71d1e84-6c8c-422d-ac9a-eef32f166ec8,NOT,1933,293,True,123,916,563,0.0315908215014538,7.92070523225323,0.00220798453995293,40,29.732137494637
69cfe24e-172b-48ba-910f-6f99546d9569,1,EQ1,e9216841-1c25-416b-8935-0c6a454c3615,588ea062-9454-4115-a6b3-7d0a1306af48,NOT,1933,632,True,174,916,563,0.172402269444385,6.11482749590345,0.000702280209790909,85,29.732137494637
69cfe24e-172b-48ba-910f-6f99546d9569,1,EQ1,e9216841-1c25-416b-8935-0c6a454c3615,0c9335e9-ffa3-4911-ba4b-9b06c21f9221,NOT,1933,353,True,149,916,563,0.578444872911872,0.873108259637278,0.499068422914087,48,29.732137494637
69cfe24e-172b-48ba-910f-6f99546d9569,1,EQ1,8cb44c4c-4a0a-412d-bd46-067bee04d12a,60a26f5b-fee7-4431-a2b0-4e3bb1ba6477,Wire,10122,669,True,149,1662,2462,0.314074077533924,7.19062150974713,0,90,65.2763356814704
69cfe24e-172b-48ba-910f-6f99546d9569,1,EQ1,8cb44c4c-4a0a-412d-bd46-067bee04d12a,d12acf85-1620-4ba1-892a-8517871d6955,Wire,10122,1466,True,148,1662,2462,0.219031982648121,3.45604018653968,0,196,65.2763356814704
69cfe24e-172b-48ba-910f-6f99546d9569,1,EQ1,e73d2aa0-f9c5-4dd7-80f1-33e6eb0ce9a9,cd4b04e3-17c8-4005-8693-8fe9ee2c1b09,Wire,48321,376,False,101,693,81,0.582461360077509,2.98675826278086,0.00292685347308741,51,102.004901843
69cfe24e-172b-48ba-910f-6f99546d9569,1,EQ1,43a44dbd-5d45-4c8d-9415-342aae6d1873,c81493c7-03ae-4c03-89f5-e5f327ad01d0,XOR,3073,308,True,136,1196,1001,0.120442096916633,3.20475837527565,0.0932953295221098,42,2.23606797749979
69cfe24e-172b-48ba-910f-6f99546d9569,1,EQ1,43a44dbd-5d45-4c8d-9415-342aae6d1873,b30034e4-3a94-4c2e-8414-c128117f070b,XOR,3073,399,True,135,1196,1001,0.141721075663443,3.70535794216498,0,54,2.23606797749979
69cfe24e-172b-48ba-910f-6f99546d9569,1,EQ1,43a44dbd-5d45-4c8d-9415-342aae6d1873,69d52e27-f334-4ae0-822c-fb318dd55b36,XOR,3073,406,True,138,1196,1001,0.0456803156443458,1.3687720855374,0.00949987368052743,55,2.23606797749979
69cfe24e-172b-48ba-910f-6f99546d9569,1,EQ1,43a44dbd-5d45-4c8d-9415-342aae6d1873,8c90210b-2133-47e0-a8aa-9d66ebda7058,XOR,3073,338,True,125,1196,1001,0.0625356122022482,0.144623922650814,0.00455479124430836,46,2.23606797749979
69cfe24e-172b-48ba-910f-6f99546d9569,1,EQ1,ce7bd0f2-62dc-4fb2-8aaa-462c03e95ddb,69a7df54-0384-4027-ac13-98ae4f64ad76,Wire,9164,414,False,118,1348,126,0.934288421440586,4.38286658346316,0.000260861395539471,56,2.23606797749979
69cfe24e-172b-48ba-910f-6f99546d9569,1,EQ1,f86dc488-4509-4ed1-9128-c2658a6c6227,258a6613-9752-4de9-810f-18bada84b2ce,Wire,5023,1617,True,132,7781,1008,0.424833779338015,7.18628795335836,0.000339882219357811,216,208.345866289687
69cfe24e-172b-48ba-910f-6f99546d9569,1,EQ1,f86dc488-4509-4ed1-9128-c2658a6c6227,c2345088-c200-41fb-af8f-ddf9be08cd0b,Wire,5023,2211,True,142,7781,1008,0.22327845872025,3.53009274499306,0.000143527407188248,295,208.345866289687
69cfe24e-172b-48ba-910f-6f99546d9569,1,EQ1,ce7bd0f2-62dc-4fb2-8aaa-462c03e95ddb,08938a9b-d49e-4458-83d6-866c3ad870ff,Wire,9164,188,False,98,1348,126,0.169514310714888,2.38878103705132,0.0312870649836382,26,2.23606797749979
69cfe24e-172b-48ba-910f-6f99546d9569,1,EQ1,41eadc00-f02d-4486-aded-bb3044d57e61,606d68e3-f879-424e-8e5e-62af218d20b5,OR,1899,383,True,145,1135,838,0.126788676618764,2.03615128039886,0.00422858258018312,52,11.4017542509914
69cfe24e-172b-48ba-910f-6f99546d9569,1,EQ1,41eadc00-f02d-4486-aded-bb3044d57e61,d35e4ce3-80fd-4b80-b6fb-5f2a6dfad663,OR,1899,353,True,149,1135,838,0.0410788179948535,3.51597352050446,0.00226785114898297,48,11.4017542509914
69cfe24e-172b-48ba-910f-6f99546d9569,1,EQ1,41eadc00-f02d-4486-aded-bb3044d57e61,63eab18f-4f40-4bde-99a6-18d8db202a68,OR,1899,323,True,134,1135,838,0.0330601179638581,3.81089105102425,0.0143244771316036,44,11.4017542509914
69cfe24e-172b-48ba-910f-6f99546d9569,1,EQ1,82a1f506-8195-4535-af27-d9bd28b4c5a7,d69edd12-78b1-4936-86eb-c9be3475dbc5,Wire,271,271,True,113,830,42,0.222527299173355,7.27775242669692,0.0051631965886484,37,11.4017542509914
69cfe24e-172b-48ba-910f-6f99546d9569,1,EQ1,a91e872f-3d7b-4750-83ce-f1368fbbc84c,8ca26577-7552-4aa8-a860-4f1546f731c7,Wire,3015,3015,True,161,8886,2670,0.104424798546748,3.37093659577623,0.000120019042852982,402,182.156526097749
69cfe24e-172b-48ba-910f-6f99546d9569,1,EQ1,dfe57f24-f521-4b30-accb-5842806f4574,22e787b6-ea99-48f7-8fc0-61662665e6cf,OR,1814,376,True,140,1229,872,0.131711825079094,3.53474139338179,0.00885915408344876,51,7.07106781186548
69cfe24e-172b-48ba-910f-6f99546d9569,1,EQ1,dfe57f24-f521-4b30-accb-5842806f4574,cc999666-82da-44a3-b199-8a739edd4c2a,OR,1814,376,True,136,1229,872,0.0425114708466349,2.79770752411974,0.00490201135274493,51,7.07106781186548
69cfe24e-172b-48ba-910f-6f99546d9569,1,EQ1,dfe57f24-f521-4b30-accb-5842806f4574,1c83004e-323a-49b0-85cc-323f9db0f7cc,OR,1814,271,True,120,1229,872,0.0232039148236697,0.597512867030393,0.00836014601389004,37,7.07106781186548
69cfe24e-172b-48ba-910f-6f99546d9569,1,EQ1,e6c20792-1f56-4b8a-bfd7-b51e62e6fba8,dec90a41-e460-4584-8586-64937a58ed09,Wire,263,263,True,134,1060,28,0.181749666938031,2.19756146645644,0.00189369832493701,36,7.07106781186548
69cfe24e-172b-48ba-910f-6f99546d9569,1,EQ1,78e1e9c5-9dcd-4dc8-9d3e-8395866ec77a,2170239b-8a2c-4751-9827-c9eeb2d93d9d,Label,787,256,True,163,515,901,0.21954120689683,0.378946319984077,0.0015852465430838,35,454.614122085973
69cfe24e-172b-48ba-910f-6f99546d9569,1,EQ1,78e1e9c5-9dcd-4dc8-9d3e-8395866ec77a,c3acf85c-8c87-4ddb-a763-735f3a00d187,Label,787,256,True,145,515,901,0.268285946861467,1.54040001303071,0.00759556542165505,35,454.614122085973
3db56062-b296-4244-9ea7-4e3dafa9d896,1,EQ2,05f272de-ff23-49b7-8113-a03aaa713da3,9a560c32-b975-465c-8b10-965b22bd5145,Label,789,180,True,124,724,880,0.0015532469883599,0.0590662148346989,0.00143651247594637,25,750.728979059687
3db56062-b296-4244-9ea7-4e3dafa9d896,1,EQ2,05f272de-ff23-49b7-8113-a03aaa713da3,2e8b86f5-4fa7-4ed2-addc-8fe351390a60,Label,789,196,True,135,724,880,0.00654863865626877,0.900367323122857,0.00107322384649071,27,750.728979059687
3db56062-b296-4244-9ea7-4e3dafa9d896,1,EQ2,05f272de-ff23-49b7-8113-a03aaa713da3,94966b05-da7b-4252-99bf-6f1fcb38dc91,Label,789,90,True,124,724,880,0.0111346251631728,0.0271033284490665,0.000870396591521298,13,750.728979059687
3db56062-b296-4244-9ea7-4e3dafa9d896,1,EQ2,83d54d77-b636-4c27-8604-3ec15be45509,1009e5db-0fe8-432e-ac2f-742bdd2fed76,Label,758,180,True,142,523,750,0.00232506764806347,1.49282486468968,0.00094914321044899,25,985.288282686849
3db56062-b296-4244-9ea7-4e3dafa9d896,1,EQ2,83d54d77-b636-4c27-8604-3ec15be45509,2fae2ec6-3be8-4887-bb18-cdb793b2212b,Label,758,451,True,162,523,750,0.308920333239001,1.63842328201014,0.00567149042509637,61,985.288282686849
3db56062-b296-4244-9ea7-4e3dafa9d896,1,EQ2,ea15baaf-3d3c-4b4e-8ab3-eae4c38bd6f9,2f25062a-a20f-4e13-b9da-69a04396475d,Label,196,196,True,141,526,500,0.242911726432676,0.261026519012483,0.0865636059200924,27,691.139638568068
3db56062-b296-4244-9ea7-4e3dafa9d896,1,EQ2,e0130b36-1ca3-4024-8eb9-289a9bf9f766,cfc00362-d04f-4172-a8b0-23bb6cdba821,Wire,46787,256,False,124,4618,2379,0.00676904709025667,0.0237893942154546,0.00138500211966024,35,17.0293863659264
3db56062-b296-4244-9ea7-4e3dafa9d896,1,EQ2,5990c2a0-b52b-47d8-b08d-85c79036063d,d21b4a4f-1800-4b5e-b515-4e1d1bf55bb0,Wire,346,346,True,156,798,651,0.210957446352507,0.748230914307309,0.00613716069915563,47,103.580886267689
3db56062-b296-4244-9ea7-4e3dafa9d896,1,EQ2,30323593-750d-4cbc-92ca-674f78333d17,ee3b0e89-6d52-4a4a-9bb5-30c690ad592d,NOT,1154,248,True,146,905,742,0.11405706697209,1.56032898164619,0.00229554397852918,34,94.0212741883453
3db56062-b296-4244-9ea7-4e3dafa9d896,1,EQ2,30323593-750d-4cbc-92ca-674f78333d17,4a4a24f7-111c-417a-b2f1-fc3503828810,NOT,1154,361,True,172,905,742,0.133721406438766,0.798560314082429,0.00369345606974062,49,94.0212741883453
3db56062-b296-4244-9ea7-4e3dafa9d896,1,EQ2,30323593-750d-4cbc-92ca-674f78333d17,b60ee80d-e010-49d0-ad79-8e55dbf86c8a,NOT,1154,278,True,158,905,742,0.480568683505391,3.46778855733409,0.0390068644147004,38,94.0212741883453
3db56062-b296-4244-9ea7-4e3dafa9d896,1,EQ2,cbd27d4f-61ee-45d5-8bfd-eab044a50ed1,a8033ca8-0a5c-4366-aa2c-d5fa61ea4e8a,Wire,22352,165,False,124,940,3706,0.043100402213553,0.538160521385247,0.00126767189635462,23,94.0212741883453
3db56062-b296-4244-9ea7-4e3dafa9d896,1,EQ2,e0130b36-1ca3-4024-8eb9-289a9bf9f766,33772bd4-b0c4-448e-8801-5449d5bc94d9,Wire,46787,188,False,134,4618,2379,0.0105103727390426,1.67176849000412,0.00987204121598626,26,17.0293863659264
3db56062-b296-4244-9ea7-4e3dafa9d896,1,EQ2,aa37757d-3f56-48d1-9543-af2b42ac7f23,a9738f82-e553-4bc0-9c00-5da5e75b86f8,Wire,2106,466,False,122,1460,1364,0.12314163211914,0.709950000268286,0.00233067187855851,63,27.2029410174709
3db56062-b296-4244-9ea7-4e3dafa9d896,1,EQ2,d9eda19b-f758-4d9e-acf5-c1fbf8935938,0eab2b54-b02f-43a4-af6e-9bc1b685e79a,Wire,556,556,True,160,1703,1132,0.228854213550215,1.48370608591742,0.000273483136106165,75,34.4818792991333
3db56062-b296-4244-9ea7-4e3dafa9d896,1,EQ2,aa37757d-3f56-48d1-9543-af2b42ac7f23,e8142646-7e65-434a-b399-9b1f5c0ff2ba,Wire,2106,113,False,84,1460,1364,0.174531816811855,0.649073362982681,0.00403605895820178,16,27.2029410174709
3db56062-b296-4244-9ea7-4e3dafa9d896,1,EQ2,25d1e9c8-7c67-4509-90cd-02dfdeb7d90a,9608b7d2-9d24-487d-a810-0faeab79ba38,AND,686,218,True,140,775,989,0.00874715868973741,1.14062516891063,0.000410328736146691,30,27.2029410174709
3db56062-b296-4244-9ea7-4e3dafa9d896,1,EQ2,25d1e9c8-7c67-4509-90cd-02dfdeb7d90a,0621826e-f781-4834-a55d-ae0ed9cb4560,AND,686,301,True,137,775,989,0.120220659612794,1.11134884834835,0.0774477554063674,41,27.2029410174709
3db56062-b296-4244-9ea7-4e3dafa9d896,1,EQ2,8b6ab9bd-2190-4f67-adf9-898145e2fee5,c48696d4-8333-4018-b97e-4b3905ce7807,Wire,13241,241,False,121,1504,63,0.00852645687896813,0.982906732232343,8.82768019089342E-05,33,103.16006979447
3db56062-b296-4244-9ea7-4e3dafa9d896,1,EQ2,cbd27d4f-61ee-45d5-8bfd-eab044a50ed1,a1c18987-8ab7-4a8d-b914-ac0bc762fe9f,Wire,22352,2211,False,108,940,3706,0.20399701629069,3.43735131481577,7.00074752788926E-06,295,94.0212741883453
3db56062-b296-4244-9ea7-4e3dafa9d896,1,EQ2,cbd27d4f-61ee-45d5-8bfd-eab044a50ed1,701c87f8-331f-41ec-803e-326b600ffccd,Wire,22352,301,False,111,940,3706,1.86236278676087,6.73615913670995,0.000391723240840137,41,94.0212741883453
3db56062-b296-4244-9ea7-4e3dafa9d896,1,EQ2,8b6ab9bd-2190-4f67-adf9-898145e2fee5,024e448e-b5d9-4e34-94b2-e7ad8326fa73,Wire,13241,376,False,68,1504,63,0.356362316916619,1.0505123632013,0.00448071333996583,51,103.16006979447
3db56062-b296-4244-9ea7-4e3dafa9d896,1,EQ2,4fc8c61f-1c69-4c5b-aee6-b0aa07462070,ac8235f5-1599-4e90-9693-c529fcc5d307,OR,2458,489,True,151,987,1280,1.30705606126201,3.51046961356112,0,66,23.0867927612304
3db56062-b296-4244-9ea7-4e3dafa9d896,1,EQ2,4fc8c61f-1c69-4c5b-aee6-b0aa07462070,bd37157b-a087-4847-8616-6ee391e6f75d,OR,2458,774,True,147,987,1280,1.45023597103823,4.22642919161601,0.00621395407888396,104,23.0867927612304
3db56062-b296-4244-9ea7-4e3dafa9d896,1,EQ2,4fc8c61f-1c69-4c5b-aee6-b0aa07462070,6a0ad377-73dc-4764-9ce1-98a6876df096,OR,2458,293,True,130,987,1280,0.0477342315613458,0.167785360709993,0.00435100607339126,40,23.0867927612304
3db56062-b296-4244-9ea7-4e3dafa9d896,1,EQ2,b950f979-0001-4612-b3fb-84e0a43b43cf,4e02b085-5267-414c-9751-3230da34f2e2,Wire,75570,226,False,95,5185,2783,0.031326966927573,1.30276224521296,0,31,8.94427190999916
3db56062-b296-4244-9ea7-4e3dafa9d896,1,EQ2,d2f5c1cc-7232-4498-ad1b-17401460016a,fe3ea99f-240c-46da-8028-25ca6f942246,Wire,564,564,True,141,1144,651,0.244379410823419,4.04627718789431,0.00205212210616745,76,57.2712842531054
3db56062-b296-4244-9ea7-4e3dafa9d896,1,EQ2,2bdc332f-dbb9-462f-8052-bc20774f95a1,202de0dd-75ed-41ed-8b76-f111e4cfabc0,NOT,1210,226,True,122,831,613,0.00897689461784727,0.678531611009211,0.000205427544694397,31,39.0512483795333
3db56062-b296-4244-9ea7-4e3dafa9d896,1,EQ2,2bdc332f-dbb9-462f-8052-bc20774f95a1,25d1b065-7b2d-417d-a019-e5ce36218fb3,NOT,1210,399,True,153,831,613,0.206318349910387,2.41715854257684,0.000455144370023667,54,39.0512483795333
3db56062-b296-4244-9ea7-4e3dafa9d896,1,EQ2,2bdc332f-dbb9-462f-8052-bc20774f95a1,77e82241-0706-4ab8-9791-9b5cb9b7f52c,NOT,1210,271,True,144,831,613,0.445589872060327,0.853675139487873,0.402942469521111,37,39.0512483795333
3db56062-b296-4244-9ea7-4e3dafa9d896,1,EQ2,d31ba771-e331-49ae-b57a-92941f34fd51,92db30c1-8d15-42fa-92ab-5ca86ea7a1fe,Wire,4924,361,False,102,2311,130,0.00501078541477183,2.19693338277321,2.68099243363031E-06,49,32.3882694814033
3db56062-b296-4244-9ea7-4e3dafa9d896,1,EQ2,e0130b36-1ca3-4024-8eb9-289a9bf9f766,d0ff9335-6783-4c9e-ab3f-3e7002b5cff2,Wire,46787,1662,False,182,4618,2379,0.188814797417303,4.9300910653395,0.000113611842622168,222,17.0293863659264
3db56062-b296-4244-9ea7-4e3dafa9d896,1,EQ2,d31ba771-e331-49ae-b57a-92941f34fd51,d0261a3f-24cf-4c0e-b3d2-45999bf5b91e,Wire,4924,23,False,0,2311,130,0,0,0,4,32.3882694814033
3db56062-b296-4244-9ea7-4e3dafa9d896,1,EQ2,d31ba771-e331-49ae-b57a-92941f34fd51,e342df93-8ab6-496a-a38c-9e723f4bbf29,Wire,4924,323,False,83,2311,130,1.20182217001381,3.72750738002892,0.00427334201326225,44,32.3882694814033
3db56062-b296-4244-9ea7-4e3dafa9d896,1,EQ2,e0130b36-1ca3-4024-8eb9-289a9bf9f766,f48ce070-7233-4067-b4d2-fb16a441e2c6,Wire,46787,241,False,59,4618,2379,0.2683656708171,5.25145330437525,0,33,17.0293863659264
3db56062-b296-4244-9ea7-4e3dafa9d896,1,EQ2,aeb21216-a03a-4b8e-96ca-5d69589b43b7,17c15885-acc2-4c46-b085-92806d15647d,AND,866,256,True,128,553,848,0.00853273996233108,1.96577293872744,0.000211726592909936,35,17.0293863659264
3db56062-b296-4244-9ea7-4e3dafa9d896,1,EQ2,aeb21216-a03a-4b8e-96ca-5d69589b43b7,7adeeca1-9571-4cc3-98b7-5e5b17341d14,AND,866,391,True,149,553,848,0.126622476626427,6.57676984025205,0.0766607549477098,53,17.0293863659264
3db56062-b296-4244-9ea7-4e3dafa9d896,1,EQ2,73255b03-58ef-466c-879d-54b5a7a05ead,3bbabd42-f7b5-4ba6-9515-f96349fa62f5,Wire,47745,323,False,107,1967,1315,0.297371237123866,1.33430354435406,0.00164477338745485,44,22.8473193175917
3db56062-b296-4244-9ea7-4e3dafa9d896,1,EQ2,a722b804-69df-450d-a637-6bc2e6d320b3,d8f63ced-50bf-4bde-adea-a2eb3a5fbaa8,Wire,5421,5421,True,172,4527,5504,0.149514922540728,4.20512846661589,0.000246257809882071,722,17.8044938147649
3db56062-b296-4244-9ea7-4e3dafa9d896,1,EQ2,55ffd1bf-d197-4d4d-a94c-d4131d8d9e4d,6438837d-c388-499a-ae12-6d3fc459f6a9,Wire,2071,571,True,103,939,84,0.471063165672655,2.73128380718644,0.000452368831459168,77,11.0453610171873
3db56062-b296-4244-9ea7-4e3dafa9d896,1,EQ2,55ffd1bf-d197-4d4d-a94c-d4131d8d9e4d,f78f1036-a56e-4ffe-baf5-56c286c0b43a,Wire,2071,263,True,82,939,84,0.974617405512684,3.04393426552208,9.90968962147322E-05,36,11.0453610171873
3db56062-b296-4244-9ea7-4e3dafa9d896,1,EQ2,32c37729-f643-4d4f-a5ac-a66081caafd7,2f5aa41e-3bef-420a-aedb-d821480f5759,AND,1191,331,True,145,465,1112,0.0060892008187159,0.558977190081872,0.000774666847013726,45,11.0453610171873
3db56062-b296-4244-9ea7-4e3dafa9d896,1,EQ2,32c37729-f643-4d4f-a5ac-a66081caafd7,460d7a13-d72e-4a51-8e6c-cca58f40511a,AND,1191,496,True,160,465,1112,0.119289894892557,1.54284214900627,0.0137233802644979,67,11.0453610171873
3db56062-b296-4244-9ea7-4e3dafa9d896,1,EQ2,33e4b00c-3774-467e-9755-a247721ed22d,28e39a12-1314-456d-b3e0-325b6aff462f,Wire,2947,2947,True,149,6462,1972,0.0762100879797287,3.95816617529659,0.000102859150268888,393,100.717426496113
3db56062-b296-4244-9ea7-4e3dafa9d896,1,EQ2,73255b03-58ef-466c-879d-54b5a7a05ead,84a67fce-740c-4bb9-ad97-288bea72e9e4,Wire,47745,1030,False,161,1967,1315,0.133271939915527,4.95691632607989,0.000252159980656863,138,22.8473193175917
3db56062-b296-4244-9ea7-4e3dafa9d896,1,EQ2,03bda204-4ffc-4687-aadb-a35a064bc619,aaa5ed84-bd89-4972-8343-2a6fa1ff5890,Wire,1120,1120,True,147,1584,624,0.284869860021614,2.18281476108455,0.000838396451831984,150,44.0113621693308
3db56062-b296-4244-9ea7-4e3dafa9d896,1,EQ2,73255b03-58ef-466c-879d-54b5a7a05ead,66bc8f8f-de21-4cc1-a5b2-4102b62b4dab,Wire,47745,180,False,78,1967,1315,0.156467795031959,1.46400769503174,0.00273857828427997,25,22.8473193175917
3db56062-b296-4244-9ea7-4e3dafa9d896,1,EQ2,8012649d-8795-4274-841b-95ce59222716,1b11acb4-9538-4c07-813b-725534fddc15,OR,3013,669,True,165,1153,1471,0.0766951507567959,4.37540522617594,0.0122107017441147,90,5.3851648071345
3db56062-b296-4244-9ea7-4e3dafa9d896,1,EQ2,8012649d-8795-4274-841b-95ce59222716,a911d03e-2974-4d75-9480-4bdf23b006b8,OR,3013,534,True,163,1153,1471,0.0511287468773624,3.56133271786327,0.000398234752894051,72,5.3851648071345
3db56062-b296-4244-9ea7-4e3dafa9d896,1,EQ2,8012649d-8795-4274-841b-95ce59222716,dc97ee6c-d831-4bb6-b0c4-406affcf79cf,OR,3013,677,True,161,1153,1471,0.0465510311922892,2.30094510674524,0.00117926702709736,91,5.3851648071345
3db56062-b296-4244-9ea7-4e3dafa9d896,1,EQ2,bd02fdbd-5fd8-4904-9f5e-c26801ea81de,78b84f29-2d2e-434b-975f-53c202cd022a,Wire,4465,684,False,104,1610,104,2.2533725016392,12.6974528541631,0.000125940070819573,92,5.3851648071345
3db56062-b296-4244-9ea7-4e3dafa9d896,1,EQ2,b950f979-0001-4612-b3fb-84e0a43b43cf,680c924a-2d91-4298-a82f-dc871d5c6bf1,Wire,75570,1466,False,160,5185,2783,0.0876027510795102,3.43144980203256,0.000290252439834602,196,8.94427190999916
3db56062-b296-4244-9ea7-4e3dafa9d896,1,EQ2,bd02fdbd-5fd8-4904-9f5e-c26801ea81de,5e8668c8-b654-4d00-82e1-2fcdc1a13faf,Wire,4465,180,False,98,1610,104,0.0115178523854266,8.94736667052631,0.00124650364428422,25,5.3851648071345
3db56062-b296-4244-9ea7-4e3dafa9d896,1,EQ2,7492a9e6-2b84-4932-89b0-7e7dcba10642,ee69fa75-cf84-4a46-9dc4-a47aa5e0fa3c,AND,1648,414,True,156,688,1341,0.0354165920242676,3.70376821386648,0.00205060968068122,56,8.94427190999916
3db56062-b296-4244-9ea7-4e3dafa9d896,1,EQ2,7492a9e6-2b84-4932-89b0-7e7dcba10642,73195fe0-fbed-42c6-a5b7-cbb10e07fff9,AND,1648,752,True,184,688,1341,0.0930680447255578,10.016087897238,0.00221456368264044,101,8.94427190999916
3db56062-b296-4244-9ea7-4e3dafa9d896,1,EQ2,b665715c-391f-4bae-ac86-834aad8d0dae,84579ebb-21ee-41f0-868c-b2ac5c3a7f9a,Wire,338,338,True,153,967,16,0.164096624310426,1.30545001654435,0.000102481957401481,46,20.3960780543711
3db56062-b296-4244-9ea7-4e3dafa9d896,1,EQ2,8ae67413-c2bf-483b-9d9b-7c460e4be7ac,4da4d340-5de7-46a1-911d-fb8f0aa71a16,Label,918,293,True,164,492,1110,0.200179325000061,2.09732789593426,0.0251052908403717,40,533.194148505026
3db56062-b296-4244-9ea7-4e3dafa9d896,1,EQ2,8ae67413-c2bf-483b-9d9b-7c460e4be7ac,9d87f539-818a-4e81-8ab3-6b46b5fa904e,Label,918,293,True,159,492,1110,0.745958078911081,2.94019502587999,0.00195894842187907,40,533.194148505026
4b0a5e57-c5ac-4043-83ef-0fc811d316d9,1,COPY1,3828dbf2-9640-46cc-98e0-1b0749477fd3,a2956ada-2bf7-4862-8351-650967259887,Label,782,173,True,124,598,797,0.0512474325242587,0.260943546851813,0.000565089047225458,24,428.802985064237
4b0a5e57-c5ac-4043-83ef-0fc811d316d9,1,COPY1,3828dbf2-9640-46cc-98e0-1b0749477fd3,448b1e96-2a83-4637-b1db-e70ce4950c0f,Label,782,211,True,137,598,797,0.0118460399824409,0.445978796994783,0.00130725980409156,29,428.802985064237
4b0a5e57-c5ac-4043-83ef-0fc811d316d9,1,COPY1,3828dbf2-9640-46cc-98e0-1b0749477fd3,5da2d4cf-f9b6-49c5-bf01-09c721aeaaf0,Label,782,83,True,122,598,797,0.0696798762428521,0.246162356770981,0.0272000342003341,12,428.802985064237
4b0a5e57-c5ac-4043-83ef-0fc811d316d9,1,COPY1,205ff829-ee47-4abb-8894-da61229d4f1d,9873c21c-1483-4aa2-a240-43b87c94f2b1,Label,241,241,True,137,520,780,0.138283781157854,0.72437128896205,0.000125929420416256,33,472.451055666087
4b0a5e57-c5ac-4043-83ef-0fc811d316d9,1,COPY1,bd0f72be-e79e-4576-a438-058ee241e286,1da54812-0e29-4e84-a129-fefc1157ec14,Wire,211,211,True,121,1254,37,0.00687653358505283,0.269841160490243,0.00179862101941968,29,96.2081077664456
4b0a5e57-c5ac-4043-83ef-0fc811d316d9,1,COPY1,e051494f-9170-4ef8-8904-a5de05e75ba8,b64e9a2e-c61c-4809-af9e-399e36f2d343,Label,765,203,True,133,461,717,0.00624936545684925,0.390702973411621,0.000123028358744124,28,507.1686110161
4b0a5e57-c5ac-4043-83ef-0fc811d316d9,1,COPY1,e051494f-9170-4ef8-8904-a5de05e75ba8,bc296cce-7700-4ffa-89b8-0102d0255a8a,Label,765,444,True,162,461,717,0.344875431555211,2.06370979814176,0.0165398483730728,60,507.1686110161
4b0a5e57-c5ac-4043-83ef-0fc811d316d9,1,COPY1,7c31a974-6add-4c44-b621-eb56fa9e8341,969de5bc-44a1-447c-9ffe-ec00ce67e8a0,Wire,203,203,True,135,1129,89,0.00371647042293191,1.55060471081197,0.000812453898666641,28,366.749233128033
4b0a5e57-c5ac-4043-83ef-0fc811d316d9,1,COPY1,eac4f9b2-6a9c-43b6-ace4-3d881ab90007,82e51817-d184-480d-b937-b299d322c150,XOR,3118,368,True,145,1997,1971,0.0489184390462157,1.4166294448552,0.0344277002638801,50,56
4b0a5e57-c5ac-4043-83ef-0fc811d316d9,1,COPY1,eac4f9b2-6a9c-43b6-ace4-3d881ab90007,c7617961-6a55-493c-b65b-ce6f7cc31602,XOR,3118,383,True,163,1997,1971,0.0393778570471959,2.06298497887531,0.00695647113628813,52,56
4b0a5e57-c5ac-4043-83ef-0fc811d316d9,1,COPY1,eac4f9b2-6a9c-43b6-ace4-3d881ab90007,0acf331a-cefe-4ca4-8774-17d570c077f6,XOR,3118,399,True,148,1997,1971,0.0398020042514903,1.11941598334148,0.0199391839946234,54,56
4b0a5e57-c5ac-4043-83ef-0fc811d316d9,1,COPY1,eac4f9b2-6a9c-43b6-ace4-3d881ab90007,d5d494de-2246-4820-8e66-a03c88d72903,XOR,3118,481,True,151,1997,1971,0.0264563555167508,0.984002555412369,0.00340150198176223,65,56
4b0a5e57-c5ac-4043-83ef-0fc811d316d9,1,COPY1,e4c71cad-b340-47d7-afa2-93e9e41fc7bc,601be718-2787-4a57-934a-ecd119317cb4,Wire,714,714,True,116,2817,166,0.515025231422419,3.61488192355762,0,96,14.422205101856
4b0a5e57-c5ac-4043-83ef-0fc811d316d9,1,COPY1,18b3212e-4e9c-4f3e-9c47-0364a7432734,8d9bc63e-f6f3-4970-a70c-a99892de8dfa,AND,1861,361,True,147,1068,1793,0.00863390326738364,1.61572659011462,5.39284631222493E-05,49,14.422205101856
4b0a5e57-c5ac-4043-83ef-0fc811d316d9,1,COPY1,18b3212e-4e9c-4f3e-9c47-0364a7432734,5f8e861b-3f85-43cc-ac16-ccebdb2fc6e7,AND,1861,827,True,169,1068,1793,0.0721584741470091,10.4948614760442,0.00394390203962603,111,14.422205101856
4b0a5e57-c5ac-4043-83ef-0fc811d316d9,1,COPY1,72f75d66-2ce0-408e-9de8-3ef843cc9814,a99427bd-3a74-4518-ab45-e1dce1984bb5,Wire,2316,2316,True,201,3002,1910,1.09551593864892,5.45141513602303,0.00022520491203613,309,25.6320112359526
4b0a5e57-c5ac-4043-83ef-0fc811d316d9,1,COPY1,ad9c4eea-1d78-4d27-9bd7-c0792a7239cf,dff7f9e9-b735-4eb7-b1e1-1def0566dec7,Wire,3000,1203,True,166,1327,2237,1.02147808747934,7.02926667099262,0.000424376010013354,161,31.7804971641414
4b0a5e57-c5ac-4043-83ef-0fc811d316d9,1,COPY1,ad9c4eea-1d78-4d27-9bd7-c0792a7239cf,ca021587-cf80-42c9-afcb-e23949dd5f06,Wire,3000,451,True,112,1327,2237,0.227270911429943,1.99758296734177,0.000346680036540554,61,31.7804971641414
4b0a5e57-c5ac-4043-83ef-0fc811d316d9,1,COPY1,04de0c08-613b-4cbc-b47d-c8b18b3c8660,97607ad4-6258-4675-bb54-6f7781c580a6,NOT,1296,218,True,141,1113,691,0.033297978105216,2.549605865201,0.0130775342370743,30,31.7804971641414
4b0a5e57-c5ac-4043-83ef-0fc811d316d9,1,COPY1,04de0c08-613b-4cbc-b47d-c8b18b3c8660,14500ef4-e2d0-41a9-8eec-f262a8072a54,NOT,1296,383,True,159,1113,691,0.177430840813547,0.500641938695115,0.00159794040182598,52,31.7804971641414
4b0a5e57-c5ac-4043-83ef-0fc811d316d9,1,COPY1,04de0c08-613b-4cbc-b47d-c8b18b3c8660,32dc3759-a9cc-47ec-9f64-5ba54880f912,NOT,1296,301,True,145,1113,691,0.372589730961497,0.96494499265375,0.33480885286745,41,31.7804971641414
4b0a5e57-c5ac-4043-83ef-0fc811d316d9,1,COPY1,4882ed34-b9b1-4bab-b906-b970f66fd242,03a801ec-16ae-49c7-8cb0-5b28888cb8eb,Wire,6280,1624,False,155,1188,2435,0.568219838594607,5.12346142141025,0.000187213882675898,217,127.059041394149
4b0a5e57-c5ac-4043-83ef-0fc811d316d9,1,COPY1,1a3950a0-75aa-409e-b9a6-efe5ec177167,b432fc04-46ce-4ad5-88c4-9a8193ec842f,Wire,1361,1361,True,169,6500,303,0.00875799114080481,2.56158139891577,7.90570676193829E-05,182,185.324040534411
4b0a5e57-c5ac-4043-83ef-0fc811d316d9,1,COPY1,4882ed34-b9b1-4bab-b906-b970f66fd242,fbc047e1-7e52-4ab9-bf11-862659e8d292,Wire,6280,233,False,103,1188,2435,0.13171152382218,4.02206023952197,0.0312187054834339,32,127.059041394149
4b0a5e57-c5ac-4043-83ef-0fc811d316d9,1,COPY1,da5b1564-faf9-4d9f-886b-da9e00aeae34,b833aeaf-9641-47ab-ab79-b43ec8f01965,NOR,3355,293,True,131,1342,1548,0.0690276370404706,0.275889392896504,0.000900738572466949,40,61.1882341631134
4b0a5e57-c5ac-4043-83ef-0fc811d316d9,1,COPY1,da5b1564-faf9-4d9f-886b-da9e00aeae34,10018c7c-1135-41f4-9ae8-23168e199828,NOR,3355,271,True,134,1342,1548,0.0370526304009279,3.55581077403762,0.0132748261710557,37,61.1882341631134
4b0a5e57-c5ac-4043-83ef-0fc811d316d9,1,COPY1,da5b1564-faf9-4d9f-886b-da9e00aeae34,e6baab8f-6c6c-4f0c-983a-c90af5575fa0,NOR,3355,263,True,125,1342,1548,0.029493003497282,3.8225155847591,0.00160623225770581,36,61.1882341631134
4b0a5e57-c5ac-4043-83ef-0fc811d316d9,1,COPY1,da5b1564-faf9-4d9f-886b-da9e00aeae34,70c8bbd6-2654-4278-b78b-38d877f20977,NOR,3355,308,True,132,1342,1548,0.379126915400601,2.16978266400395,0.326814578206435,42,61.1882341631134
4b0a5e57-c5ac-4043-83ef-0fc811d316d9,1,COPY1,5c0057ea-2d81-43da-ae72-30afd31dca95,7b1d1ca3-fe9a-4511-aed6-30bc0e6fc99d,Wire,2624,2624,True,154,2015,1916,1.53931613199218,14.2434808928459,0,350,61.1882341631134
4b0a5e57-c5ac-4043-83ef-0fc811d316d9,1,COPY1,c6e7a527-306c-4b32-947e-533b8308d552,2750c934-0926-490d-98c7-62817a9f446f,Wire,2098,2098,True,189,2395,2849,0.128533438750236,1.49749135586125,3.26647908636918E-05,280,38.6393581727233
4b0a5e57-c5ac-4043-83ef-0fc811d316d9,1,COPY1,1ef8ac07-788d-442a-bca8-85409e243ded,1e17383e-f6dd-4508-bb87-d93e13e9d6b5,OR,2023,414,True,159,1234,1671,0.131604869492766,1.8319591760284,0.0217041950546881,56,2.23606797749979
4b0a5e57-c5ac-4043-83ef-0fc811d316d9,1,COPY1,1ef8ac07-788d-442a-bca8-85409e243ded,a0c12a15-ee2f-4350-9115-db1dfc2c5f1c,OR,2023,376,True,157,1234,1671,0.0304661420604691,1.26183594687062,0.000111178869630997,51,2.23606797749979
4b0a5e57-c5ac-4043-83ef-0fc811d316d9,1,COPY1,1ef8ac07-788d-442a-bca8-85409e243ded,c6e4a69d-15c5-4ff5-95a3-be47287729bc,OR,2023,346,True,125,1234,1671,0.0482034478699132,1.30773479989129,0.0179642499134941,47,2.23606797749979
4b0a5e57-c5ac-4043-83ef-0fc811d316d9,1,COPY1,495df6c7-388f-4c34-a804-86cb78ce8794,09cdbab2-0a0a-43f1-963c-2e40be3ab6ff,Wire,263,263,True,89,1310,41,0.0205598599981684,2.11220248493628,0.000498094385291043,36,2.23606797749979
4b0a5e57-c5ac-4043-83ef-0fc811d316d9,1,COPY1,6c411159-c977-46fb-92f3-d0d76ff7a880,677188f4-5097-4e00-8bfe-4c431cfe184e,NOT,1366,226,True,128,894,637,0.0436803179970579,3.41216036720657,0.00191470439671845,31,65.924198895398
4b0a5e57-c5ac-4043-83ef-0fc811d316d9,1,COPY1,6c411159-c977-46fb-92f3-d0d76ff7a880,1203f535-35ca-4f2b-96cd-ed008e94b56b,NOT,1366,361,True,134,894,637,0.194920450146605,5.83383792630323,4.66347693008462E-05,49,65.924198895398
4b0a5e57-c5ac-4043-83ef-0fc811d316d9,1,COPY1,6c411159-c977-46fb-92f3-d0d76ff7a880,76de9211-2403-46a3-a23a-c41fb8bce2fe,NOT,1366,323,True,138,894,637,0.609887391547631,1.21405330226574,0.393383333144994,44,65.924198895398
4b0a5e57-c5ac-4043-83ef-0fc811d316d9,1,COPY1,89b19c3c-0b67-4c99-b5ee-3d7aeb785d94,ab3d1e94-9f7c-421b-a313-6d623d5966bf,Wire,714,714,True,115,1225,54,0.726516589709148,6.0523950389766,0.000241063297336677,96,1.4142135623731
4b0a5e57-c5ac-4043-83ef-0fc811d316d9,1,COPY1,b4d77c6a-f216-4245-bd43-4dc9afc4bdc9,0ebb9fc5-081d-4dcd-9804-d15219b9e637,Wire,2857,2857,True,164,5679,1752,0.111884327924916,6.66468127103073,8.04200822102959E-05,381,1
4b0a5e57-c5ac-4043-83ef-0fc811d316d9,1,COPY1,55dd4f19-df69-4923-b966-ba1c505fcdcd,5cab1998-e3a1-4745-a998-066d9677ae4e,NAND,3857,639,True,141,1222,1399,0.0249813592530089,6.24393964697803,9.32265105753552E-05,86,1
4b0a5e57-c5ac-4043-83ef-0fc811d316d9,1,COPY1,55dd4f19-df69-4923-b966-ba1c505fcdcd,ef3cca09-8b89-4983-b68e-afa9398d3fb1,NAND,3857,774,True,137,1222,1399,0.0747978897517406,2.37189935209384,0.000708441445890402,104,1
4b0a5e57-c5ac-4043-83ef-0fc811d316d9,1,COPY1,55dd4f19-df69-4923-b966-ba1c505fcdcd,a097133c-34c6-4507-b73c-d432759284af,NAND,3857,489,True,109,1222,1399,1.00999437416251,5.47341558422625,0.365376088221342,66,1
4b0a5e57-c5ac-4043-83ef-0fc811d316d9,1,COPY1,06e8117e-5946-423a-b585-570753a9f967,5348d2f0-91e3-4330-999d-efed993c7a1c,Wire,308,308,True,107,1206,90,0.0315154340251429,1.14308784069447,0.00113981851681177,42,85.4751425854324
4b0a5e57-c5ac-4043-83ef-0fc811d316d9,1,COPY1,20ccd0d5-ac64-4bfc-849f-0294232977df,3e0621b3-b571-4aab-a65d-d28e64c01f86,Label,856,278,True,138,465,1160,0.199125540816969,3.1104661511506,0.00911223644516712,38,577.80273450374
4b0a5e57-c5ac-4043-83ef-0fc811d316d9,1,COPY1,20ccd0d5-ac64-4bfc-849f-0294232977df,9ac24148-9c9d-48e8-8d55-fc869de6a985,Label,856,233,True,134,465,1160,0.0460825323604335,3.39017866393281,0.000260661690742691,32,577.80273450374
39bf2445-cddd-45c2-82b6-c527a45b930f,1,COPY2,1be84d47-bdaa-4fd8-b907-aacbbdc359b0,9cbf02b2-f4a8-454b-bc03-3d8e0562c3bf,Label,789,226,True,137,435,620,0.0261912505880822,0.787565116771722,6.53569346060218E-05,31,409.843872712525
39bf2445-cddd-45c2-82b6-c527a45b930f,1,COPY2,1be84d47-bdaa-4fd8-b907-aacbbdc359b0,62a24b3c-8256-443a-8196-60c0225cc19c,Label,789,278,True,161,435,620,0.0550784722925812,0.477619787736293,0.00818137814656175,38,409.843872712525
39bf2445-cddd-45c2-82b6-c527a45b930f,1,COPY2,1be84d47-bdaa-4fd8-b907-aacbbdc359b0,1eff129a-74ef-494b-b616-8f543595b681,Label,789,83,True,117,435,620,0.703996217330299,1.77002773321795,0.234616422700057,12,409.843872712525
39bf2445-cddd-45c2-82b6-c527a45b930f,1,COPY2,d3e273b5-c1e1-4aaf-8caa-bd6aa8946562,381b9779-f8ec-48b3-87d3-589c17b8fff3,Label,812,218,True,144,398,697,0.00574697561245314,0.397507763949817,0.000282897675310135,30,617.573477409773
39bf2445-cddd-45c2-82b6-c527a45b930f,1,COPY2,d3e273b5-c1e1-4aaf-8caa-bd6aa8946562,b7041b9b-7a97-41d1-a793-e47689fb65b9,Label,812,466,True,176,398,697,0.360062025081756,1.72725752316515,0.00361592826073738,63,617.573477409773
39bf2445-cddd-45c2-82b6-c527a45b930f,1,COPY2,460b8e9f-47e6-4fb4-9649-5c81bbb45b20,e81cd38e-4af4-4893-a355-7a9162e18e3f,Wire,286,286,True,134,1458,44,0.00400768421782143,0.26350648671528,2.31286577241403E-06,39,166.397115359612
39bf2445-cddd-45c2-82b6-c527a45b930f,1,COPY2,08639f4c-2bea-42d6-86c6-94239dc00841,f5d8530e-368c-4b54-9c72-61e620b200f8,NOT,1750,391,True,108,893,466,0.621643347669773,2.86567578936646,0.0167244027584145,53,68.6804193347711
39bf2445-cddd-45c2-82b6-c527a45b930f,1,COPY2,08639f4c-2bea-42d6-86c6-94239dc00841,d5105caa-6b25-45f8-8fb2-4e837ff622ad,NOT,1750,338,True,168,893,466,0.22906207579149,1.24841914647089,0.0205044236951719,46,68.6804193347711
39bf2445-cddd-45c2-82b6-c527a45b930f,1,COPY2,08639f4c-2bea-42d6-86c6-94239dc00841,d0a230a4-1331-4f1a-9d79-cd3e589b358b,NOT,1750,391,True,132,893,466,0.568538563452516,0.714201865852143,0,53,68.6804193347711
39bf2445-cddd-45c2-82b6-c527a45b930f,1,COPY2,584dacae-ec35-4a4b-aa67-45e0d51dce89,0a486979-076b-44a8-8956-c8c3d0458b45,Wire,256,256,True,101,850,51,0.0325463928002082,0.688919051073802,0.000299209878776628,35,68.6804193347711
39bf2445-cddd-45c2-82b6-c527a45b930f,1,COPY2,fbbc1b4c-2e33-4a74-bfe1-2114a584d650,e0fba930-e16f-4698-9c37-07c60651dd7a,Wire,699,699,True,140,3681,164,0.00644655526217634,6.39444137901831,5.56893251332778E-05,94,36.6878726556883
39bf2445-cddd-45c2-82b6-c527a45b930f,1,COPY2,fcf3caa4-e1df-4167-badd-7500a6c3bee7,59776a30-1f9d-49cd-b87a-787343ff8cc9,AND,1630,489,True,134,878,2181,0.00756958730541245,3.43907895104239,0.000180703884504823,66,36.6878726556883
39bf2445-cddd-45c2-82b6-c527a45b930f,1,COPY2,fcf3caa4-e1df-4167-badd-7500a6c3bee7,63780159-14f8-4254-aec3-b4102f14905d,AND,1630,752,True,175,878,2181,0.0802147495633267,2.03686234608797,0.0228879028871515,101,36.6878726556883
39bf2445-cddd-45c2-82b6-c527a45b930f,1,COPY2,c65f64f4-8456-48bb-abe8-47885265a969,820a372c-b42a-4c77-91f6-66dbda8c158d,Wire,4177,2098,True,140,3704,2079,0.898002513995663,4.63223721843111,9.64885114542348E-05,280,96.1301201497221
39bf2445-cddd-45c2-82b6-c527a45b930f,1,COPY2,c65f64f4-8456-48bb-abe8-47885265a969,3287de5d-2f6f-46ec-98cc-d9a482ae831d,Wire,4177,684,True,112,3704,2079,0.142562725042375,1.826010509717,0.000206080366417133,92,96.1301201497221
39bf2445-cddd-45c2-82b6-c527a45b930f,1,COPY2,1c0688d7-c2e6-4fca-9de5-7685f6500a76,58680f9d-7a57-43d6-8861-397fd7a7b46e,OR,4531,406,True,130,1504,1260,0.0976022494252828,4.72247777387631,0.0144344405860907,55,7.07106781186548
39bf2445-cddd-45c2-82b6-c527a45b930f,1,COPY2,1c0688d7-c2e6-4fca-9de5-7685f6500a76,5b0654ab-755d-47e7-a62d-35c0b0ce6b5e,OR,4531,782,True,105,1504,1260,0.381616118895102,3.87856673207774,0.000327399129045996,105,7.07106781186548
39bf2445-cddd-45c2-82b6-c527a45b930f,1,COPY2,1c0688d7-c2e6-4fca-9de5-7685f6500a76,b567cd8e-5705-4434-9482-78234cdc4615,OR,4531,669,True,132,1504,1260,0.341703652276289,2.86291182270655,0,90,7.07106781186548
39bf2445-cddd-45c2-82b6-c527a45b930f,1,COPY2,e1905fd2-bb45-44ac-93a3-83d9ea272167,f9588bfb-6c32-4118-abbe-73ce5f389cf1,Label,346,346,True,125,563,762,0.161375973669427,4.40804964780071,0.0260706170269297,47,553.32630517625
39bf2445-cddd-45c2-82b6-c527a45b930f,1,COPY2,ad4eb473-bb20-45de-9d42-5b13c3d627f8,686e72dd-7947-4a0a-af18-563a6fc0469e,Wire,399,399,True,124,1908,180,0.0238504239835469,1.75939353796464,0.000457971330650029,54,126.19429464124
39bf2445-cddd-45c2-82b6-c527a45b930f,1,COPY2,982b7cbd-e38e-4640-883c-59a6ba7f9056,ec6ab933-bf12-40cc-8164-47b40aadc239,NOT,1274,211,True,137,1101,660,0.00901886830007407,6.9181484993856,0.000487609585952225,29,78.5175139698144
39bf2445-cddd-45c2-82b6-c527a45b930f,1,COPY2,982b7cbd-e38e-4640-883c-59a6ba7f9056,c00b02b7-1402-4143-a17a-aa9dedd0f88f,NOT,1274,346,True,159,1101,660,0.172743556806705,1.41252446854117,0.00672715929978548,47,78.5175139698144
39bf2445-cddd-45c2-82b6-c527a45b930f,1,COPY2,982b7cbd-e38e-4640-883c-59a6ba7f9056,59802a36-9b96-41a9-91c4-f27bdd90d793,NOT,1274,316,True,138,1101,660,0.391419257433634,0.886624393508017,0.296328138606149,43,78.5175139698144
39bf2445-cddd-45c2-82b6-c527a45b930f,1,COPY2,da04881a-69c9-42da-b9c3-ea20da4e209c,9a8da372-4037-4967-a33e-464fd5a3f87c,Wire,406,406,True,93,1182,56,0.983911037471796,5.3842999687666,0,55,36.2353418639869
39bf2445-cddd-45c2-82b6-c527a45b930f,1,COPY2,3083f03e-f20f-463a-8fc8-0ac7de8b7ed0,a5e1c969-40c8-47a5-99d7-00f8f3da38ec,Wire,3540,1008,True,167,3741,4610,0.181963659933042,4.40334521992216,3.10445577422917E-06,135,45
39bf2445-cddd-45c2-82b6-c527a45b930f,1,COPY2,3083f03e-f20f-463a-8fc8-0ac7de8b7ed0,a425c100-005c-4499-814d-577eb207a4a5,Wire,3540,1406,True,146,3741,4610,0.213581859285884,14.8164870238914,6.35172893174504E-05,188,45
39bf2445-cddd-45c2-82b6-c527a45b930f,1,COPY2,c5228724-4902-4b0a-9ef5-5b705ac49972,f7131608-4552-4381-ac6d-825a7d64f3a4,AND,1273,383,True,162,842,1419,0.0276039700289462,0.176532130741743,0.00158160106430437,52,36.2353418639869
39bf2445-cddd-45c2-82b6-c527a45b930f,1,COPY2,c5228724-4902-4b0a-9ef5-5b705ac49972,fff51308-53d0-4053-93a9-350332cbbc41,AND,1273,579,True,173,842,1419,0.086008681556256,1.90926951146389,0.00261933314936199,78,36.2353418639869
39bf2445-cddd-45c2-82b6-c527a45b930f,1,COPY2,dbec07f5-d676-4505-938e-79c431f373d9,b347e656-37bb-47d6-be40-f4a61fb15d9e,Wire,1571,1571,True,159,3051,2800,0.0811835491795885,2.36121739890511,0.000271284698232639,210,20.8806130178211
39bf2445-cddd-45c2-82b6-c527a45b930f,1,COPY2,717cd9db-8413-4180-819c-6e2ec648f0b2,c37ddd0d-34e9-47f4-a9ac-bb251fdba753,Wire,1684,1684,True,164,904,2870,0.10405949375399,2.11071438800067,0.000535644096024988,225,203.118192193609
39bf2445-cddd-45c2-82b6-c527a45b930f,1,COPY2,f998896b-0a8c-494e-b688-9680cf08bf3b,3f313dca-d66e-4588-aed0-e8303064b833,Label,616,226,True,151,644,770,0.0598357217838708,3.12021680983178,0.00603711115281575,31,266.084573021436
39bf2445-cddd-45c2-82b6-c527a45b930f,1,COPY2,f998896b-0a8c-494e-b688-9680cf08bf3b,6e4e29d9-de61-43e2-a440-9df04afcb88d,Label,616,278,True,162,644,770,0.143879346065522,0.703947489757898,0.100299820674046,38,266.084573021436
39bf2445-cddd-45c2-82b6-c527a45b930f,1,COPY2,3019ee0e-f87a-4580-8b63-2b3213665ba3,6c79fa0d-4532-4135-9551-2a434f44c297,Wire,308,308,True,150,1729,66,0.00975342106437591,0.265446278349457,0.000535268133048513,42,63.7887137352682
39bf2445-cddd-45c2-82b6-c527a45b930f,1,COPY2,6ecf6468-ec2a-4399-9e28-ee5994ceb3f5,24fec819-4751-45a6-8449-3fe4c61ae529,NOT,1351,226,True,144,929,697,0.00790693078886406,0.423095838143732,0.000822232903758737,31,54.744862772684
39bf2445-cddd-45c2-82b6-c527a45b930f,1,COPY2,6ecf6468-ec2a-4399-9e28-ee5994ceb3f5,093e7dd2-0676-4503-9f1b-68f383802643,NOT,1351,399,True,170,929,697,0.164574987696026,0.577347055922104,0.00185701993787253,54,54.744862772684
39bf2445-cddd-45c2-82b6-c527a45b930f,1,COPY2,6ecf6468-ec2a-4399-9e28-ee5994ceb3f5,2e81d3f0-21a7-497c-85e0-9a7c7e826739,NOT,1351,353,True,167,929,697,0.548394048400653,1.96748902155821,0.116682187013223,48,54.744862772684
39bf2445-cddd-45c2-82b6-c527a45b930f,1,COPY2,ca32bd3d-8535-452a-a509-697b260de584,e79a513e-0958-4404-a5c0-6cce7d9e79ec,Wire,436,436,True,133,1340,37,0.0165057899336947,0.0891076456367372,0.000107590147458085,59,41.0487515035476
39bf2445-cddd-45c2-82b6-c527a45b930f,1,COPY2,0b9ab063-2678-42d5-a14a-e4adb2acc6e2,20958c67-e197-439c-b3e4-ff71b333dc71,AND,1669,466,True,137,814,1295,0.0165106947739075,4.53683859694954,0.000114742712539358,63,10.4403065089106
39bf2445-cddd-45c2-82b6-c527a45b930f,1,COPY2,0b9ab063-2678-42d5-a14a-e4adb2acc6e2,6010895c-cff3-4104-a308-ad1432e18be4,AND,1669,692,True,149,814,1295,0.0922820231796781,0.777187110008772,0.0299664854660492,93,10.4403065089106
39bf2445-cddd-45c2-82b6-c527a45b930f,1,COPY2,b538e97e-71ed-4a27-a9a4-364783360a9d,d356ea75-59cc-4e22-85bf-73507d916175,Wire,3999,1015,True,120,3248,2803,0.0264475497744369,4.58910163775528,0,136,10.4403065089106
39bf2445-cddd-45c2-82b6-c527a45b930f,1,COPY2,b538e97e-71ed-4a27-a9a4-364783360a9d,929b00d6-92b5-473d-8496-eed4d407fcfd,Wire,3999,1414,True,142,3248,2803,0.197002116607798,3.09711250528055,9.00617427652302E-05,189,10.4403065089106
39bf2445-cddd-45c2-82b6-c527a45b930f,1,COPY2,d95931ce-035c-4ad2-bc71-8d306ab64db7,794769f2-c88a-48c3-9e9e-4e50dae8ffb9,Wire,2211,2211,True,136,3284,673,0.296438324755735,4.23805909467687,0.000163556475835436,295,77.5241897732572
39bf2445-cddd-45c2-82b6-c527a45b930f,1,COPY2,c749082c-ae5b-41bf-ad4a-511b7842e1f5,d647067b-fa89-44ad-b3c7-41551c2d1368,OR,2148,414,True,149,1270,1183,0.0893917864747627,1.41836159059808,0.0508877940311164,56,34.0587727318528
39bf2445-cddd-45c2-82b6-c527a45b930f,1,COPY2,c749082c-ae5b-41bf-ad4a-511b7842e1f5,d8a326c7-35d8-4fbc-a349-94e137ce54f3,OR,2148,399,True,154,1270,1183,0.0487624566353457,1.80486860781881,0.0183538481265815,54,34.0587727318528
39bf2445-cddd-45c2-82b6-c527a45b930f,1,COPY2,c749082c-ae5b-41bf-ad4a-511b7842e1f5,c5468557-d70d-4c7f-a439-316f8c0b93a0,OR,2148,429,True,155,1270,1183,0.0280275423921213,4.92447833431745,0.00117585149917913,58,34.0587727318528
39bf2445-cddd-45c2-82b6-c527a45b930f,1,COPY2,a78178ee-1633-438e-92f8-d76ebb40b94e,b30e2a03-bd72-4777-84ab-424a0750fe07,Wire,1053,1053,True,172,466,2790,0.168595493018124,10.2538960259792,0.000266851436141163,141,7.07106781186548
39bf2445-cddd-45c2-82b6-c527a45b930f,1,COPY2,932596f4-21da-49be-98b7-cd6376d38ae9,50844a10-9b33-45cb-9d6e-b858ea5408dc,Wire,1361,1361,True,147,551,2621,0.101600339043393,3.42230894584825,0.000680089489495493,182,34.0587727318528
39bf2445-cddd-45c2-82b6-c527a45b930f,1,COPY2,19a0f712-e9ad-4599-9146-db5549369067,039cc8ee-0de2-445d-8c32-e20cccab8c77,XOR,2495,323,True,133,1815,1197,0.086826592872505,1.6250067647892,0.053846351013141,44,12.0830459735946
39bf2445-cddd-45c2-82b6-c527a45b930f,1,COPY2,19a0f712-e9ad-4599-9146-db5549369067,2d5c00cf-7192-4b6b-996a-3e603653f72c,XOR,2495,316,True,148,1815,1197,0.078033593976801,1.6138472436638,0.00157739174850758,43,12.0830459735946
39bf2445-cddd-45c2-82b6-c527a45b930f,1,COPY2,19a0f712-e9ad-4599-9146-db5549369067,82b0f59d-4cf3-4dc5-bcad-e78559f78276,XOR,2495,346,True,148,1815,1197,0.0446912917749681,6.25272452200193,0.011264323458985,47,12.0830459735946
39bf2445-cddd-45c2-82b6-c527a45b930f,1,COPY2,19a0f712-e9ad-4599-9146-db5549369067,eca22fe3-a342-49a4-a585-4b17eb4ac3eb,XOR,2495,286,True,126,1815,1197,0.0445561956835468,0.831023904604615,0.0149419842173871,39,12.0830459735946
39bf2445-cddd-45c2-82b6-c527a45b930f,1,COPY2,0233f33b-b005-475e-8690-8ab4e839b5d8,4e853d7c-8e4e-42b7-9723-404e30a7c989,Wire,263,263,True,119,1365,126,0.0319901577524027,0.729092874408595,0.00856728280175353,36,12.0830459735946
39bf2445-cddd-45c2-82b6-c527a45b930f,1,COPY2,536e344a-c3a7-4b32-8c9a-2f32b4109187,81b24830-94ad-458e-ad19-22ec664d18a0,Label,1028,278,True,154,606,959,0.16709138170534,1.41787950352774,0.00598522234746889,38,516.282868203081
39bf2445-cddd-45c2-82b6-c527a45b930f,1,COPY2,536e344a-c3a7-4b32-8c9a-2f32b4109187,094e1099-057b-480f-b7bd-46da2cc5f61b,Label,1028,368,True,150,606,959,0.417691498597477,2.19817877629767,0.00242036185073488,50,516.282868203081
